{"type": "FeatureCollection", "features": [{"type": "Feature", "geometry": {"type": "MultiLineString", "coordinates": [[[138.50683674020883, 36.413790791185335], [138.50671003061277, 36.413963059336645], [138.50654589140558, 36.414170220026186], [138.5063126369717, 36.41433781344214], [138.5060347298663, 36.41446935613444], [138.50576115024137, 36.41453221672168], [138.50561139534943, 36.41453919334182], [138.50542709660905, 36.414585744269665], [138.50510455072956, 36.41463930822547], [138.50492888039946, 36.41463699317363], [138.504692727771, 36.414609086782605], [138.5044724181536, 36.41451713931906], [138.50425067024256, 36.414403085257185], [138.50393675768007, 36.414135429159955], [138.50352205365797, 36.41378163007816], [138.50335213933212, 36.413674575340465], [138.50308863386962, 36.413631529866365], [138.50246659213724, 36.41359197828577], [138.50214406059266, 36.41360131537581], [138.5017999144293, 36.41365367417334], [138.50133338032413, 36.41370255007011], [138.50035568636517, 36.41371770170055], [138.49961269139823, 36.41375495447342], [138.49898344601158, 36.413746822560995], [138.49861482711592, 36.41377474105028], [138.49796686701416, 36.41385620261768], [138.49718930918576, 36.41395163165316], [138.49684687952234, 36.41396690508711], [138.49654416107063, 36.413928838226134], [138.49592080934562, 36.4137983071611], [138.4954005975687, 36.41371491837203], [138.49500147479293, 36.413551794005144], [138.49481760973865, 36.413497392091756], [138.49436690993443, 36.413433928822144], [138.49404403046702, 36.41333966665505], [138.49374805762682, 36.41321639713819], [138.49361352135182, 36.41319466506533], [138.49308434585834, 36.413176499440816], [138.49250134489535, 36.41317645948143], [138.49238475137577, 36.41314744361375], [138.49218745098625, 36.412929964829736], [138.4919744803281, 36.41257289637147], [138.49183551135084, 36.41214514023514], [138.49171893682663, 36.41187690266305], [138.49146784887247, 36.41153975661464], [138.49143871552903, 36.411440087804436], [138.49143877372114, 36.4110232185156], [138.49135360252734, 36.41075860706967], [138.49115184139248, 36.410479482258246], [138.49103752779976, 36.41021666359614], [138.49094338518321, 36.41001366068195], [138.4908716461475, 36.40994841762956], [138.49066985839843, 36.40987225276028], [138.49027974372117, 36.40970911128894], [138.48982687046882, 36.40939369606649], [138.48938521532816, 36.40902213020326], [138.4891251747972, 36.40874299449271], [138.48905793123532, 36.40861610651185], [138.48897726572966, 36.40828259768681], [138.489006493674, 36.407853057873275], [138.48898858976102, 36.40764280827147], [138.48889447392634, 36.40734196875508], [138.48880932410734, 36.40702296404177], [138.48867263001304, 36.40659703201239], [138.48855609159617, 36.40630703368579], [138.48853818408878, 36.406125757549184], [138.48851132023213, 36.40590828919579], [138.48868852642647, 36.40544613046233], [138.48877825752638, 36.40517065667219], [138.48879621996025, 36.40497491533378], [138.48875593246242, 36.404616063557526], [138.4888523976259, 36.40426627042077], [138.4888703822984, 36.40399800457401], [138.48897354072645, 36.40381677876796], [138.48907671400775, 36.40361741927296], [138.48907673660636, 36.403483322543174], [138.48897142481044, 36.40307911642491], [138.48895801134375, 36.40289425312415], [138.48897597135056, 36.40267679069412], [138.48909258855187, 36.40246293074376], [138.4893482224532, 36.40222732626864], [138.48954779470364, 36.402008052110645], [138.48965097069276, 36.401678187358726], [138.48972273652535, 36.401518715002275], [138.48988417653413, 36.401391849356955], [138.49000975226548, 36.40127223304071], [138.4899873366882, 36.40123600414], [138.48983936960627, 36.40117797327091], [138.4896645104156, 36.40113810348506], [138.48951206697797, 36.40105834959054], [138.48932376969256, 36.40089881626197], [138.48905476385835, 36.400706708796555], [138.48894267152707, 36.400670436825806], [138.4887946984685, 36.400663170344096], [138.4886332769718, 36.40068491038361], [138.4878328700302, 36.40086786074908], [138.4871871588289, 36.40098741411503], [138.48546749434956, 36.401380482932005], [138.48482625469543, 36.40157254699641], [138.48418499204752, 36.40184431678363], [138.48366925986016, 36.402170459958825], [138.48329929498584, 36.40233172033613], [138.4827791057021, 36.40250926111542], [138.48088890493793, 36.403188655771295], [138.48028801052047, 36.403308190226866], [138.47996513396927, 36.403402384179664], [138.47948976126548, 36.403605302058565], [138.47859951845092, 36.40406367113442], [138.47793574933903, 36.404447792205644], [138.4776218145141, 36.4045854951681], [138.47727652768188, 36.40461444439712], [138.47690884848313, 36.40455272979138], [138.47650756157347, 36.404409472166776], [138.47613993454925, 36.40420640765649], [138.4757857545351, 36.403999713891594], [138.4754315901966, 36.403793056884155], [138.47521637483908, 36.40371323750622], [138.47495630335672, 36.40371318505227], [138.47479486394727, 36.40374941368149], [138.4744472811733, 36.40390340362333], [138.47349646968055, 36.40437443451085], [138.47320048573775, 36.404457738253605], [138.4729717850395, 36.40448669647257], [138.47229692724332, 36.404462996991505], [138.471687097616, 36.40443021896107], [138.47039795666004, 36.4043918371135], [138.46934419282147, 36.404402440830445], [138.46881059070736, 36.40442043230331], [138.46787570457843, 36.40431684458998], [138.46729729798392, 36.404258697752525], [138.4662480562895, 36.40419675071424], [138.46585122231946, 36.404194838886134], [138.46543866435124, 36.40425270190925], [138.46484674833917, 36.404299665269996], [138.46424135209008, 36.40438647687289], [138.46376378924836, 36.40440625496923], [138.46340509231644, 36.40435541070589], [138.46300154819528, 36.40431539306219], [138.4624948405013, 36.40434061495889], [138.46099479500995, 36.40456667927476], [138.46029071820118, 36.40469695631132], [138.4601606349431, 36.40476577738419], [138.46014715489264, 36.40480203566381], [138.46015161341506, 36.404841891180176], [138.46019630238334, 36.405088427688256], [138.46034397850934, 36.40558870119516], [138.4603908746829, 36.40589505561967], [138.4603860977099, 36.40637718095686], [138.46045771286552, 36.40659471462201], [138.46079591884646, 36.40718024931039], [138.46105576191144, 36.40757908958084], [138.4611587904975, 36.407771247926384], [138.46115871922646, 36.407890880987296], [138.46114967192722, 36.4080322344704], [138.46107776922383, 36.40827147971889], [138.46091838231627, 36.40859586132617], [138.46052777875215, 36.40936423612034], [138.46013062761338, 36.409826308865945], [138.45926449284863, 36.41080841336677], [138.45897958741685, 36.411020377348], [138.45820352045294, 36.411353645983326], [138.45785806823085, 36.41154565696933], [138.45756641226265, 36.411802920381554], [138.4574722421059, 36.41177025215668], [138.45727950992605, 36.41159982699983], [138.45715399029075, 36.411505538080114], [138.45686482486624, 36.41136588150703], [138.4561833808085, 36.4110176652059], [138.45586955841765, 36.410854405727974], [138.45571710530297, 36.41081087250614], [138.45528227484715, 36.41054247815618], [138.4551030191512, 36.41035025613001], [138.4548721601631, 36.41020335986651], [138.45465703308696, 36.410000280326926], [138.45445992217148, 36.40968486080964], [138.45433892422253, 36.40956155771341], [138.4539892631566, 36.40937293469687], [138.45369574046316, 36.4090592735584], [138.45323407420952, 36.408700206260384], [138.4530144629666, 36.4085225063407], [138.45250151269306, 36.407773779822044], [138.45227758657768, 36.40735318182941], [138.45202024670155, 36.40664077689093], [138.45188146074815, 36.406321713163486], [138.451599401403, 36.40568362163368], [138.4515098521379, 36.40549142663947], [138.45144271846775, 36.4053065300926], [138.4513127422276, 36.405208605460246], [138.4511424273794, 36.40508894212851], [138.45093632672544, 36.40484597034967], [138.45073038310426, 36.404392777434914], [138.4505198988224, 36.40400844700888], [138.4502421087937, 36.40369295544434], [138.44994192019868, 36.40334844522124], [138.44957442140938, 36.40306918152115], [138.44940638880726, 36.40287883112325], [138.44926314697133, 36.402527177524306], [138.44924982397063, 36.402335056049175], [138.44931732696352, 36.40198707710794], [138.44940050526094, 36.401673570529056], [138.44941863017863, 36.40141259792965], [138.449360382585, 36.401340052810866], [138.4492438486084, 36.401267518149815], [138.44901517880123, 36.401238417570056], [138.44858024302488, 36.401209270215176], [138.44789425137287, 36.401114713452614], [138.44754456219488, 36.40100948175586], [138.4471322798123, 36.400668558037815], [138.4468701250515, 36.40043827109659], [138.44662364319777, 36.40027504531699], [138.44617549643624, 36.39998121396485], [138.44589094956305, 36.39974727500523], [138.44568936259043, 36.399504291829544], [138.44545194844983, 36.399217814550184], [138.4450531767094, 36.39884789316399], [138.44469245487312, 36.398566775054775], [138.4443070531898, 36.39831648537258], [138.44415919172243, 36.39819315975719], [138.44407412067383, 36.39803363467464], [138.4438634977773, 36.397892146517016], [138.44369319016977, 36.39779781708088], [138.44357678770743, 36.39757663645844], [138.44352987967756, 36.397353691291435], [138.44349869477148, 36.39708544653475], [138.44345856774936, 36.39680269392294], [138.44321923647516, 36.396093928723644], [138.44309403503988, 36.39565524458089], [138.44295524154333, 36.395397827022606], [138.44270678670406, 36.394910182299746], [138.44238429728648, 36.39448953868393], [138.4420708106767, 36.39401817130684], [138.44177739051528, 36.393689956506506], [138.44163855424642, 36.3934978116514], [138.44157140535415, 36.393360022967784], [138.44150880627922, 36.39313887276772], [138.44145514144103, 36.392964867302155], [138.44127834343573, 36.39257151045438], [138.44120235088803, 36.392285121280814], [138.4411262247849, 36.39217271055082], [138.4410366123935, 36.3921001816992], [138.44095596049866, 36.392034872539575], [138.4408349263604, 36.392013053863586], [138.44066012088587, 36.39194773351247], [138.44058396968575, 36.39186795809778], [138.44048113537292, 36.3914981916039], [138.4403490728938, 36.391246203216305], [138.4400936807502, 36.39104308745278], [138.43984718595618, 36.39092696375127], [138.4396679014879, 36.39086526649644], [138.4394303144309, 36.39083613661589], [138.43913441081128, 36.39084323657024], [138.43875775945017, 36.39090102363465], [138.4385381018194, 36.390864686129156], [138.4384081367822, 36.39081023018635], [138.43821549667487, 36.39062527125597], [138.43814831952253, 36.39053824676824], [138.43812821175075, 36.390453043840964], [138.43812835708565, 36.39027181398305], [138.4381285518246, 36.39002897612974], [138.43803466325207, 36.38970269296133], [138.43799234822768, 36.3893601366614], [138.437925359084, 36.38903386706833], [138.43779568821023, 36.3886024814054], [138.43771761117122, 36.38814391107005], [138.43763267246086, 36.387839387994326], [138.43763283042946, 36.38764365378502], [138.43772267268173, 36.38742262001943], [138.43804131827204, 36.386998681414575], [138.43816923739735, 36.386815684866875], [138.43827256674837, 36.38653664182814], [138.43836251159178, 36.386185103667366], [138.43836722275236, 36.38590963444892], [138.43830686317688, 36.38570841338651], [138.43828457547772, 36.38554530234493], [138.43823989714593, 36.385356795652555], [138.43816876050718, 36.38462092532093], [138.4381128518231, 36.384456001816645], [138.43805476385046, 36.384227604301856], [138.4380100533875, 36.384078984263766], [138.43794739626364, 36.38394845162993], [138.43762926227114, 36.38375618124829], [138.43711394649156, 36.38348044576737], [138.43693029931265, 36.38329186939878], [138.4367827880619, 36.382784327145934], [138.4366006485379, 36.38244155746109], [138.436224200241, 36.38204401248701], [138.43608518030103, 36.381772412506045], [138.43583145739132, 36.38154707868037], [138.43537273834318, 36.381606473170336], [138.434979076726, 36.382195685877385], [138.43470045791645, 36.38236110133474], [138.4345202381592, 36.38238747896291], [138.43431546371602, 36.38238736814181], [138.4339879022068, 36.38229449399738], [138.43366860606983, 36.38213536524787], [138.43325922529232, 36.38193644454056], [138.43310369705412, 36.38183039026098], [138.43287180612958, 36.3815937588685], [138.43260791740275, 36.38139882257554], [138.43239026383085, 36.38129005656072], [138.43212161363383, 36.3812374484659], [138.4318807008846, 36.38125603625666], [138.43176946824593, 36.38130092829147], [138.4316118747322, 36.381401977249226], [138.43140337500304, 36.381428084771684], [138.43123667217665, 36.38134557171681], [138.43114879352706, 36.3811769625137], [138.43113510824674, 36.380937216357474], [138.43078305940287, 36.38089955030155], [138.43048188621475, 36.3809518273713], [138.4303475374399, 36.38094424919458], [138.4301853952265, 36.38094788388589], [138.43007427809394, 36.38086540432839], [138.4299909121601, 36.38084662711076], [138.42984121365382, 36.380770321299764], [138.42985966996687, 36.38062592504959], [138.429828952542, 36.38040651625002], [138.42981991362092, 36.380280618703374], [138.42973667698655, 36.37990194737441], [138.42970699888383, 36.37981490551876], [138.42970255376966, 36.379664935467964], [138.4296912534276, 36.37950756567838], [138.42959413669212, 36.379291809399184], [138.4295484902985, 36.37912886049763], [138.4295440057605, 36.379021481882496], [138.42956012144342, 36.37892520827266], [138.42967341598242, 36.37880382382017], [138.4297602236137, 36.378714422281135], [138.4297632423643, 36.37868055771914], [138.42970950541957, 36.37857413744115], [138.42964087531126, 36.378412086179885], [138.42958718951462, 36.37826212053005], [138.42945493407743, 36.37813196147563], [138.42917646609067, 36.37802645897147], [138.42890928225188, 36.377871888576415], [138.4285230674948, 36.377689996408186], [138.42841980763347, 36.377613644255646], [138.42842436143263, 36.37754461022825], [138.42844245330133, 36.37741020952101], [138.4284245314782, 36.37735932637844], [138.42835717835237, 36.377312076507216], [138.42814605589774, 36.377271953272], [138.42791697726048, 36.3772173158689], [138.4275262617065, 36.377035452270285], [138.4273106548573, 36.37699170043342], [138.42687944264702, 36.37687881076018], [138.42678740956137, 36.37681154781818], [138.426724646178, 36.376666183020966], [138.42665730846872, 36.376611644383445], [138.42651361361925, 36.37652801281238], [138.42638789763708, 36.37644073162369], [138.4261904944777, 36.37614633158482], [138.42607390289658, 36.37592464222546], [138.42600655467007, 36.375877391249276], [138.42561133650838, 36.37572090213351], [138.42544075930937, 36.375571843610835], [138.42539626182074, 36.37512133477836], [138.42537391514767, 36.37500507435655], [138.4252885904625, 36.37497231438608], [138.42510887951005, 36.37496857348441], [138.42494713211445, 36.37497572370556], [138.42484824075038, 36.37503744442771], [138.4247716985611, 36.375208139220376], [138.42473560320337, 36.37536431970682], [138.4247219241006, 36.37557504616319], [138.42467459509191, 36.37573305060118], [138.42456667069263, 36.37583831293031], [138.42449913157577, 36.37598722144541], [138.42444050087232, 36.37622696280207], [138.42442681503965, 36.37642677728859], [138.4243593397164, 36.37652118763161], [138.42424698298797, 36.376561072561394], [138.42408974435426, 36.37654643031566], [138.42392357128594, 36.376484575277075], [138.42381132504966, 36.376422752833975], [138.42373498100324, 36.37638637253791], [138.42365859418143, 36.37639357452281], [138.42346985991398, 36.37642615740079], [138.4232497033941, 36.37644055270125], [138.42280037771616, 36.376487467107985], [138.42248814644668, 36.37647092700278], [138.42209734086185, 36.37641254605811], [138.42163919240508, 36.376295962816926], [138.42146846771266, 36.37629585112973], [138.42109105332494, 36.37630651735218], [138.42088442436162, 36.37626642392575], [138.42074971502873, 36.37619367149038], [138.42061063470376, 36.37600467249724], [138.4205208954895, 36.37589199232056], [138.42040861028778, 36.37585921385556], [138.42030075709386, 36.375877307832184], [138.42017489839543, 36.37593534643604], [138.41980412076845, 36.37606042755748], [138.41956144324408, 36.37612204803777], [138.41938172343208, 36.37613280722684], [138.41923342447652, 36.37616541197179], [138.4191569992577, 36.376208944332454], [138.41908047960655, 36.37634333912829], [138.41905767357275, 36.376673894467814], [138.419008208664, 36.37671747901362], [138.41891833777768, 36.37673195885488], [138.41884648320513, 36.37670283067189], [138.4187117865628, 36.3766191642217], [138.41858163117527, 36.37648103864658], [138.41845158607, 36.37624845797809], [138.41820949854934, 36.37575056993344], [138.4181018421334, 36.375597920848605], [138.41804801409393, 36.37552159572471], [138.4179963484048, 36.37551610260593], [138.41795582858475, 36.37559598933236], [138.4179062634999, 36.375733992634366], [138.41791495837066, 36.37600648268331], [138.41793277225779, 36.37614819445815], [138.41802668583173, 36.376569657663474], [138.41803548817737, 36.37673677822282], [138.41791412526635, 36.37679119296655], [138.41778380877608, 36.37681655655509], [138.41771642659262, 36.376798344745666], [138.41759076792445, 36.37667109945642], [138.41744272864057, 36.376463923688604], [138.41734841609315, 36.37642390150186], [138.41724506738396, 36.376441995764374], [138.417078759425, 36.37651088290621], [138.4169304421918, 36.37655439867782], [138.4166968223932, 36.37655423654529], [138.41595559538302, 36.37647376846695], [138.4158343572698, 36.376408309647395], [138.41567527652393, 36.37602129873761], [138.41555430648268, 36.37571602590689], [138.41533928777176, 36.37513823752522], [138.41520258396716, 36.37484203602093], [138.4149379601369, 36.37443861573249], [138.41456777122855, 36.37402962796518], [138.41442416619407, 36.37388057468898], [138.4143389616176, 36.373738851920656], [138.41433454468932, 36.37367343871096], [138.41432112704928, 36.37362255801068], [138.41394855358095, 36.37333893024868], [138.41371301906761, 36.37304631769185], [138.4135919563172, 36.37283549628808], [138.41341258371548, 36.37253384026871], [138.41329157917505, 36.37226855722155], [138.41319089605813, 36.37191425535851], [138.41315072565945, 36.371681736100584], [138.41313292485327, 36.371532772270335], [138.41307459988354, 36.37147094725841], [138.4128681258714, 36.37131096869998], [138.4125269440297, 36.37108182174319], [138.4122689081201, 36.37084368594797], [138.41208042838986, 36.3706582670004], [138.41171673810248, 36.37048363340244], [138.41129025544421, 36.37022175037975], [138.4110927053147, 36.370119862547114], [138.4110253353884, 36.370112561213254], [138.41098486692286, 36.37014523574994], [138.41097129365096, 36.370221514993034], [138.4109846569339, 36.37032685621955], [138.41106979937766, 36.37050857386339], [138.41109661576854, 36.37062121400107], [138.41109200890526, 36.370722951085476], [138.4109885617874, 36.37083183204091], [138.41074133754185, 36.370951556601106], [138.4105346379628, 36.37099136023369], [138.41044480206332, 36.370980415228054], [138.41032822108713, 36.370787759831195], [138.4102070300636, 36.370693214725534], [138.41005206974464, 36.37067310397961], [138.40967926782596, 36.37061107615672], [138.40918514593332, 36.370567122387335], [138.4085810658492, 36.370441343566526], [138.4084643261974, 36.37038675784617], [138.4083611128203, 36.370288566647055], [138.40818618238507, 36.37005957050692], [138.40801121023372, 36.36986690678546], [138.407849676641, 36.36970691996575], [138.4075579177445, 36.36949962664102], [138.40733799237339, 36.36933596780743], [138.40722125426106, 36.36928138341744], [138.406960750364, 36.36924122781012], [138.40668223353663, 36.36923010114593], [138.40649803549178, 36.36924450075166], [138.40654274536135, 36.36941890302539], [138.4065875472449, 36.36952067818731], [138.40663684801683, 36.369615171067196], [138.40670412467065, 36.36969879779373], [138.4067938512427, 36.36980786036953], [138.40682965569587, 36.36992050540826], [138.40682955004027, 36.3700076708027], [138.406856382362, 36.37010214573137], [138.40696828332008, 36.37044012331182], [138.40651192813564, 36.37074675494764], [138.40632792007548, 36.37059766508054], [138.40626060619388, 36.370535828579406], [138.40619775783475, 36.37050307647421], [138.40608995951425, 36.37048486264937], [138.40600908634042, 36.37048842633388], [138.40593268638807, 36.37051015940106], [138.4055865996333, 36.370655215090515], [138.40469652104085, 36.371119534497616], [138.4049252430558, 36.371439402947075], [138.40522818844596, 36.37168124643691], [138.40576677884104, 36.37209218309391], [138.40668919408665, 36.37275589783094], [138.40735354967657, 36.37320325574014], [138.40633725363574, 36.37399446776887], [138.40598480878936, 36.37380891450173], [138.40561107454113, 36.37359334916401], [138.405370973431, 36.37338246541304], [138.40476603910773, 36.3730195985756], [138.40434854945514, 36.372761329158074], [138.40377956430683, 36.372405773797766], [138.4032677746476, 36.372122008485505], [138.40281091109168, 36.371929992727964], [138.40239560100102, 36.37172983980124], [138.4019465275007, 36.371585986686846], [138.40164225698322, 36.37151945197267], [138.4011324199675, 36.371471794367274], [138.40059445246678, 36.37146318653279], [138.40012498141357, 36.37146642816758], [138.3995128552953, 36.37148317303272], [138.39894455115194, 36.371486364663085], [138.39841324558748, 36.37154312760217], [138.39779092180262, 36.37162434982397], [138.39731680441423, 36.37174744430677], [138.39720682120395, 36.37168743470144], [138.39709686438272, 36.3716073923417], [138.39703634104282, 36.371511094589096], [138.39700067672126, 36.3713076208104], [138.39701770776918, 36.371170480154504], [138.39704045113643, 36.37095434723425], [138.39704066339038, 36.37079631802445], [138.39706319352166, 36.37075454946823], [138.39711272003962, 36.370667391207085], [138.39713645222292, 36.3705575397631], [138.39714109811743, 36.370444926814244], [138.39711655223095, 36.370317749404784], [138.39701803638536, 36.37008334862644], [138.39691379054346, 36.369942478734984], [138.39685318342717, 36.36990972419448], [138.39678580538015, 36.369902414797295], [138.39669596232494, 36.36989688362591], [138.39661284852693, 36.369896814080455], [138.3963792689748, 36.36988570455516], [138.39601987582822, 36.36988723362115], [138.39561440657525, 36.369918681188864], [138.3955224313801, 36.36983323280748], [138.39539237161486, 36.36966963339795], [138.39531860745987, 36.369411627981734], [138.39497481475047, 36.369507620406566], [138.39503285869708, 36.36976015715439], [138.39466544038646, 36.369884254282944], [138.3947282269081, 36.3699697130447], [138.39473900343643, 36.37029303478913], [138.3945053377337, 36.370343705406974], [138.3941616106137, 36.370386992328264], [138.3942433960879, 36.37052963873142], [138.39448648558687, 36.370977605087425], [138.3946925804296, 36.37138104119378], [138.39476539343943, 36.37152913569717], [138.3948325422997, 36.37169630583975], [138.394859295014, 36.371845276849776], [138.39491169960277, 36.372122340362374], [138.39497420523887, 36.37240574971515], [138.39503785983513, 36.372670115270324], [138.39511392868675, 36.37288995680647], [138.39525155752415, 36.373274255018615], [138.39532084465478, 36.373526795646534], [138.39548629693866, 36.37409368465317], [138.39525030504674, 36.374189730367796], [138.39525249391534, 36.374220642337164], [138.39469965123985, 36.37440541276493], [138.39454867453426, 36.37393756491229], [138.39448609748004, 36.37371410809826], [138.39440116658838, 36.37340339580683], [138.3943395342384, 36.37329892771385], [138.3940883446918, 36.37301352486065], [138.39383153818724, 36.37273082960608], [138.3937687831637, 36.372629070996084], [138.39374419050554, 36.372540018125356], [138.3936972900321, 36.372354699753544], [138.39357074371682, 36.372092146833815], [138.39336692665063, 36.37165780145775], [138.39320883009037, 36.37147513312507], [138.39300256728026, 36.371197018722135], [138.39285577842466, 36.37095261225456], [138.3926877788945, 36.370623662191775], [138.39257800856294, 36.37041649702952], [138.39248152885332, 36.37034012675902], [138.39234348992977, 36.370268260337944], [138.39216619992092, 36.37015548889301], [138.39209216761628, 36.37009001540061], [138.39203167854603, 36.369982802524504], [138.3919443024967, 36.36981923938109], [138.39188149042815, 36.369768347740326], [138.391816390274, 36.369735586550725], [138.39168290971236, 36.369611020614066], [138.3916741957322, 36.36942210375479], [138.39170343969474, 36.369389459451064], [138.39157794761996, 36.36918044469128], [138.39140409924622, 36.36901951200706], [138.3912246091697, 36.36887040171418], [138.3911326741447, 36.36876678214002], [138.39106974227136, 36.368786723340904], [138.3909801744592, 36.36859407392702], [138.3908333778606, 36.36836053608668], [138.39062476574904, 36.368165985688606], [138.39062264165094, 36.368075154321645], [138.3905307248488, 36.367951539440526], [138.39048131951958, 36.36794970000195], [138.39040048160115, 36.367935088938914], [138.39033759953853, 36.36792778013033], [138.39026119720444, 36.3679549615893], [138.39024107387345, 36.36788590698408], [138.3901345191332, 36.36778681530274], [138.39001107373494, 36.367726750536725], [138.38993699568374, 36.367695809586515], [138.38989662479327, 36.36765398639032], [138.3899147466774, 36.3675450079157], [138.38980025421904, 36.3675031523483], [138.38981617500005, 36.36735784105955], [138.38987911830043, 36.367328818307875], [138.38977258785619, 36.36721339225216], [138.39002682738808, 36.366915715794526], [138.39005168270828, 36.36680857455349], [138.39003943636402, 36.36672590374047], [138.39001040355092, 36.36660963135272], [138.38996336441528, 36.36652055557978], [138.38990740772255, 36.36638063597294], [138.3899232720478, 36.36628256950162], [138.38995487196274, 36.36617722974745], [138.38998759976377, 36.36606738478293], [138.38964220559993, 36.36570921752232], [138.3894706499084, 36.36552103423665], [138.38944153491283, 36.36546288471779], [138.38942378437795, 36.36531028966296], [138.3893275628585, 36.365057713889755], [138.38929515281885, 36.36494414938608], [138.38923466051173, 36.364835099780414], [138.38902842053403, 36.36455879983446], [138.3889634498143, 36.36444612150004], [138.38895572375637, 36.36435440571388], [138.38895355675126, 36.364294449245506], [138.38887958833075, 36.36419630118254], [138.38882365384208, 36.36404363704842], [138.38878108308793, 36.36397459724426], [138.3885736400804, 36.36375004678216], [138.38843013989643, 36.36358825534037], [138.38830446438013, 36.3635100207335], [138.3879632972958, 36.363357130533224], [138.38769063703103, 36.363196133617635], [138.38734955384342, 36.36298691187067], [138.3872822643015, 36.36292327063484], [138.38725116171284, 36.36284955731165], [138.38719944164794, 36.36272699614072], [138.38708192702396, 36.362455351832544], [138.3869946489228, 36.3622409077259], [138.38698252287602, 36.36207832032696], [138.38701667982644, 36.361764111580214], [138.38700557683168, 36.36167689848456], [138.38696189090115, 36.3615978221622], [138.38691260244752, 36.361510609354845], [138.38685207146494, 36.36143243315756], [138.38676682471717, 36.3613633162094], [138.38647058444172, 36.361214088764456], [138.3861059254028, 36.361009382649726], [138.38589050621053, 36.36086934464092], [138.38566396883016, 36.36066747727318], [138.38548793214431, 36.360482943217974], [138.38524799540002, 36.36023385288123], [138.38513588681047, 36.36010479080034], [138.3851359858948, 36.360037584341455], [138.3851485676907, 36.35988044006059], [138.38515312007215, 36.35984048655822], [138.38511953533833, 36.35976962161966], [138.3850365977582, 36.359656923225195], [138.3849648792321, 36.359566025688885], [138.3849649596919, 36.35951152879862], [138.38498082102873, 36.359411631132105], [138.38504395484648, 36.35924274201693], [138.38505771307734, 36.359048387577886], [138.38497269020968, 36.35883035231821], [138.38496382354947, 36.358755850451345], [138.38497736465365, 36.358708652094975], [138.38505021992856, 36.35866239104463], [138.3850885314906, 36.35860462099787], [138.38497252629648, 36.35835170335901], [138.3849660841641, 36.35821182679154], [138.38491973558638, 36.35807462490149], [138.38491985475193, 36.35799393433714], [138.38505487918218, 36.357753328940355], [138.3851782407892, 36.35753292012853], [138.3851917993614, 36.35746625499602], [138.38520502913497, 36.35740117378171], [138.38518194471104, 36.35727205481471], [138.38512225998542, 36.35715363880939], [138.38497123400015, 36.356971942599834], [138.38484189075052, 36.356748620159294], [138.38475234005742, 36.35658444415859], [138.38475576807917, 36.35652530169565], [138.38483569867813, 36.35643930260179], [138.38487900254717, 36.35638287296884], [138.38482938979786, 36.356202611996274], [138.38486621888427, 36.35603591541802], [138.38487136672734, 36.35592428428202], [138.38481825990067, 36.35586237906971], [138.38471192421807, 36.35581387002717], [138.384489242918, 36.355746418289115], [138.3844030870295, 36.35554732166953], [138.3843419737831, 36.35527156998068], [138.38425251849137, 36.35505902085823], [138.3842394424585, 36.35490301420207], [138.384222954758, 36.35481692109894], [138.38399047379514, 36.3546230689194], [138.38387435584704, 36.35445080294481], [138.38372823364423, 36.3543269493857], [138.3836070611144, 36.354224806328155], [138.38352790282266, 36.35409260536729], [138.38315040953816, 36.35368396265259], [138.38291232379925, 36.35345771195011], [138.3828155526711, 36.353397346405586], [138.38270384596845, 36.35337012716962], [138.38257347237683, 36.35336095247483], [138.38246176288212, 36.353321693949795], [138.3823129677389, 36.35318290959574], [138.38212522323713, 36.3529341415926], [138.38190245337256, 36.35244277526314], [138.38184669207322, 36.35236136049153], [138.3817015158772, 36.35229189842242], [138.3814892874615, 36.35221937667022], [138.3813925359169, 36.352146967611894], [138.3813386963744, 36.35203390671276], [138.3812830781768, 36.35185909308459], [138.38119761213702, 36.3517294531428], [138.38115884328207, 36.35167283934056], [138.38114185210517, 36.35164800389874], [138.38122394802812, 36.35155468521619], [138.3813099455986, 36.35134987619512], [138.38130636102605, 36.35125344627135], [138.38135502477783, 36.351099823597565], [138.38144110470873, 36.35084076507851], [138.38151563956674, 36.350816723543524], [138.38162368515017, 36.35080176346924], [138.38172802847564, 36.35077475891905], [138.3818063644562, 36.35070551755958], [138.38186226051332, 36.35069050398209], [138.38189946405566, 36.35072370514265], [138.38205944437968, 36.350859472972346], [138.38241848336497, 36.35114759284601], [138.38254493099947, 36.35128931347123], [138.38260063598813, 36.35140086347461], [138.38266008366153, 36.35149734877568], [138.3826972094855, 36.35159078392537], [138.38267465245335, 36.351729399035655], [138.38267821036933, 36.35183787009899], [138.3827042028672, 36.35188911910001], [138.3828270138385, 36.351976617693666], [138.3830298349741, 36.352104893319435], [138.38313779802425, 36.352153194275445], [138.3832271939417, 36.35215328171185], [138.3834507586273, 36.35212639268833], [138.38355881982864, 36.352102382031376], [138.38364463198988, 36.35201811584129], [138.38372662008086, 36.35198805955661], [138.3838569992188, 36.35199117885493], [138.3840171641856, 36.352006401746266], [138.38409905024398, 36.35205168406129], [138.38419580596934, 36.3521150783661], [138.3842516053291, 36.35217237432305], [138.38431121482492, 36.35216940608786], [138.38438198910416, 36.3521725003967], [138.38452716173535, 36.352244951678884], [138.38474680682222, 36.35233556679983], [138.384746927187, 36.3522542073629], [138.38477677919045, 36.35222107362091], [138.38484576150475, 36.35217744796049], [138.38493891611563, 36.35215947726769], [138.38502457498205, 36.35217761763225], [138.38512137080744, 36.35221386610693], [138.38530386120811, 36.352244174405], [138.38539699363025, 36.35224127056651], [138.3855311611092, 36.35219918636856], [138.38562802931708, 36.352193257140016], [138.38569120471809, 36.35229576407007], [138.38576186007336, 36.35238021614303], [138.3858660928514, 36.35242850948684], [138.38603744037584, 36.352437719404506], [138.38618645814395, 36.352425818630444], [138.3863616243308, 36.352368704743206], [138.38674748303404, 36.352162657706195], [138.3866694041449, 36.352057145570186], [138.38659871443357, 36.352002827918774], [138.38640511621523, 36.35192730951519], [138.38620782080307, 36.351827704285284], [138.38612598870364, 36.35175228802936], [138.38606664450404, 36.35157444823249], [138.38597365397766, 36.3514809606066], [138.38589924067014, 36.35141459995717], [138.38585454318232, 36.35141455788187], [138.38576141616255, 36.35141447016446], [138.38568695450033, 36.35138123567437], [138.3856162054904, 36.35136912989795], [138.38547838212475, 36.35135995151616], [138.38537417015937, 36.35129958298716], [138.3851306576233, 36.35096338958549], [138.38501917694043, 36.350785497515396], [138.38503787548302, 36.350737320008065], [138.38500814498093, 36.35068906024711], [138.3849671842001, 36.35067092649342], [138.38480333837688, 36.35063162220734], [138.38450917899908, 36.350546956074076], [138.38398986090368, 36.35032800728036], [138.3837814337029, 36.35021028870318], [138.38349484517428, 36.35004729228362], [138.38337950764952, 36.34994772457712], [138.3833238000992, 36.34983920253908], [138.38330921735977, 36.34962225529069], [138.38323322907715, 36.349367541051485], [138.38313303533127, 36.34911132552296], [138.3830662707995, 36.34892442693777], [138.38292510150623, 36.348668171027846], [138.38304069827873, 36.34859294482543], [138.38289185091398, 36.34848735938241], [138.38273548481027, 36.34843295410086], [138.38254927698264, 36.348405628857236], [138.38240004415843, 36.34855616047972], [138.38223469547785, 36.348283298213474], [138.38194784184108, 36.34830111016417], [138.38181140417788, 36.34738190842072], [138.38176123336382, 36.34730504156296], [138.38186557529792, 36.347275008779135], [138.3820933355289, 36.34692568202335], [138.38175085309948, 36.346774699996494], [138.3816429787961, 36.34668717908287], [138.38145531021976, 36.34639320381225], [138.381381148824, 36.346173168643965], [138.3813887970046, 36.34603760054723], [138.38141126893515, 36.345956229068534], [138.3811915553671, 36.345922882258826], [138.38098679575222, 36.34585036714609], [138.38096454400633, 36.345781025918825], [138.3810653134122, 36.34566061967897], [138.38092755443282, 36.34561527706147], [138.38089043225318, 36.345536874328815], [138.3806893263325, 36.34550956524226], [138.38071015200654, 36.34528811076907], [138.38125001574667, 36.34544232040566], [138.38158169278302, 36.34534020323964], [138.38156705746468, 36.34516240196575], [138.38078645581885, 36.34492307294042], [138.38058602392812, 36.34486161637873], [138.38009080658114, 36.344734556052224], [138.38004697484936, 36.34471131174278], [138.37999403396637, 36.34468323513683], [138.37991602725367, 36.344547546795305], [138.3800948428697, 36.34453568610464], [138.38018049983106, 36.34453577224801], [138.38027732766167, 36.34455093681359], [138.380225293276, 36.34448459375019], [138.3801956494025, 36.344376096276235], [138.37982316643186, 36.34437871369199], [138.37974899061567, 36.34416469755497], [138.3800768443122, 36.344125879237644], [138.3803674436739, 36.34407494781305], [138.38059856237516, 36.34396667785121], [138.38075508830389, 36.34390959100211], [138.38075516629212, 36.34385836756565], [138.38081851341678, 36.34384033549319], [138.38074809065088, 36.34361125487678], [138.38112762104794, 36.34349313415546], [138.38155598513328, 36.34332661798907], [138.38144261911515, 36.34325560202333], [138.3813911717547, 36.34316792571561], [138.38128813653933, 36.34309269470615], [138.38119542272037, 36.343004977163424], [138.38113115776275, 36.342869301648406], [138.3811209945765, 36.34276916746428], [138.3810798236662, 36.34270653267356], [138.38098707957263, 36.34263965581902], [138.38085826288835, 36.3425560907546], [138.38077587732457, 36.34246003899742], [138.3806936318255, 36.34227217166943], [138.38062680897443, 36.34213026413635], [138.38047734333867, 36.34205498577796], [138.38030725567208, 36.34197553337889], [138.3801115580715, 36.34178339668903], [138.37998805601885, 36.34159133408624], [138.3798670062586, 36.34148897552897], [138.37972784842933, 36.34141789761396], [138.37947523402502, 36.34133835885532], [138.37938252315246, 36.34125898335579], [138.37942385251654, 36.341217305962054], [138.37952193846922, 36.3411548115377], [138.37954781593479, 36.34110062226289], [138.37965623955117, 36.34102979236516], [138.3800896034022, 36.34095929245454], [138.3803836944162, 36.34089280363939], [138.38055407880375, 36.34077616341975], [138.3807607670111, 36.34053018083918], [138.38085906042176, 36.34032999754198], [138.38085163705495, 36.34013178488253], [138.3808021191292, 36.33995049838787], [138.38075930920974, 36.3397936878455], [138.38085256373722, 36.33952259459757], [138.38086821143906, 36.339405764782775], [138.38097660154304, 36.33934743215767], [138.38105397936505, 36.33934335647671], [138.38118808490844, 36.33934349055705], [138.38136350054293, 36.33930610177732], [138.38172473270453, 36.339172962517864], [138.38211956482104, 36.338991837320016], [138.38223818342732, 36.33899610964676], [138.38232070985643, 36.338996191371216], [138.38235166838447, 36.338983723077476], [138.38243432762846, 36.338896179731705], [138.38263559253272, 36.33882125023829], [138.38288143243255, 36.33873520541255], [138.38302777626703, 36.33868394888611], [138.3832083958209, 36.338613189209845], [138.38320851396315, 36.338533907852046], [138.3832756233982, 36.33849225511764], [138.3833478188057, 36.3385048584918], [138.3834666338984, 36.338375596652384], [138.38366809604253, 36.338158825219125], [138.3838281486423, 36.33804632531916], [138.38432112476144, 36.33776516514234], [138.3846256910265, 36.33756932888948], [138.38472910708677, 36.337390023036924], [138.38489946765367, 36.33728583736341], [138.3849616507984, 36.3370772711066], [138.38512172256955, 36.3369564238375], [138.3850085104596, 36.33677691093521], [138.38501380021128, 36.33669344404341], [138.38511456099152, 36.33655793056705], [138.3854243365946, 36.33633706581535], [138.3855431044037, 36.336237053419964], [138.3855792772276, 36.33619117966486], [138.38561038813592, 36.33607436173823], [138.38569818547583, 36.33599519729467], [138.38582203503285, 36.33594521728515], [138.38578601962513, 36.33589093067834], [138.38580159943007, 36.33581585186802], [138.38584814195187, 36.335732458716386], [138.3859719889264, 36.33568247860403], [138.38612674384032, 36.33566178461587], [138.38626601192686, 36.335645228401525], [138.38634870068213, 36.33553264865527], [138.38643130975103, 36.3354742854206], [138.3865397017078, 36.33540763850905], [138.386622200608, 36.335424403792445], [138.3866687223252, 36.335353507852915], [138.38675665921522, 36.33516999416891], [138.38680335731203, 36.33497809623937], [138.38693756305872, 36.33490309501898], [138.38709267600228, 36.334687042419574], [138.38712506947294, 36.33471833596519], [138.3872134505873, 36.33477407899504], [138.38735081379792, 36.334937208527265], [138.3872134505873, 36.33477407899502], [138.38712506947297, 36.33471833596519], [138.38709267600228, 36.33468704241959], [138.3870220237706, 36.33461881908317], [138.38689432393693, 36.33455906061127], [138.3868255996142, 36.334503335273055], [138.3868699117349, 36.33444771701511], [138.3869436914886, 36.33440800477148], [138.38716496146114, 36.33432868194652], [138.38736169817795, 36.33421357019112], [138.38706458957122, 36.333901931752315], [138.38690167730542, 36.33373103227015], [138.38667290777084, 36.33390378136687], [138.38595598236085, 36.33434743207378], [138.38523425774443, 36.33471355190406], [138.38457505947426, 36.33515626537121], [138.38398365620495, 36.33545289767648], [138.38317690918998, 36.33596505352791], [138.38280773656774, 36.335532257713005], [138.3825394525535, 36.335016088532534], [138.38221471470263, 36.334462085131584], [138.38205303194104, 36.334131905837815], [138.38190348060314, 36.333909080669876], [138.3818064952802, 36.33386226684933], [138.38173036641592, 36.33383634910756], [138.38162223625616, 36.3338441977256], [138.38155587307043, 36.33385405948916], [138.38147225520692, 36.333901715230006], [138.38097308372596, 36.3341437475475], [138.38070983128677, 36.33435422480864], [138.38053770774576, 36.33442960263054], [138.38029195402984, 36.334451218245384], [138.38019731202925, 36.33447199973567], [138.37992926290872, 36.33461089719256], [138.3795026447955, 36.334800328934094], [138.37919040747178, 36.33490140412391], [138.37855614659085, 36.335093577782544], [138.37837549737512, 36.33512222799445], [138.37793556680518, 36.33517546521625], [138.37759153913834, 36.33518105905158], [138.37721937386368, 36.33511410239266], [138.3769440732994, 36.335169476872366], [138.37671546749195, 36.3352209223544], [138.37639575666702, 36.33539355610482], [138.37594740426977, 36.33533841378151], [138.37580476978027, 36.33533520008946], [138.3755678021004, 36.33532988340621], [138.3753920779939, 36.335325898235816], [138.37515893530013, 36.335140749712394], [138.37485673212643, 36.33511459209599], [138.3747783694195, 36.33495745698491], [138.37461024703913, 36.334827052249345], [138.37440420564533, 36.334602186673465], [138.37418727310364, 36.33427890655348], [138.37394708563085, 36.33389494347275], [138.37363511978992, 36.333840923574144], [138.37333569904226, 36.33361993308297], [138.37324471726143, 36.33365761185093], [138.37275332371127, 36.33363293363045], [138.37253862597876, 36.333445126766456], [138.37219751015846, 36.333180329764225], [138.37200499902286, 36.332950508018676], [138.37188728587662, 36.33281318412756], [138.37166111512096, 36.33267035466757], [138.37142214529908, 36.332519449799626], [138.3712797211707, 36.33245764946657], [138.3711471988319, 36.332362096749655], [138.37104166531256, 36.332280480179], [138.3709631202387, 36.33223864122015], [138.37084524995282, 36.332188801130854], [138.37081330859692, 36.332190738356154], [138.37077151346884, 36.33220463454294], [138.37070510559766, 36.33224233711864], [138.37058940953503, 36.33236346113282], [138.37040243961195, 36.33250443160636], [138.3702093868421, 36.33259466369748], [138.36962936792366, 36.33267552784381], [138.36941851474495, 36.33239896457953], [138.3692419939014, 36.33216813611722], [138.36901846933836, 36.332118213836715], [138.36882556277226, 36.33212694172736], [138.36871985087421, 36.332164601267266], [138.36841249280255, 36.33228550873731], [138.36788488527375, 36.33260205482697], [138.36763147608661, 36.332794594663994], [138.36749164936234, 36.332653298312074], [138.36699494321545, 36.33286147636903], [138.36677338348352, 36.33309781034259], [138.36671906519402, 36.33325283027656], [138.36659723366537, 36.33336897839111], [138.36641292548208, 36.333380705281876], [138.36628488467287, 36.33353363557752], [138.36598760011483, 36.33351143734785], [138.36600249048712, 36.33342995193279], [138.36609113992827, 36.33331475350652], [138.36611582570222, 36.333251163709576], [138.3661135148191, 36.33316564673429], [138.36603253159527, 36.333105917293004], [138.36598347865308, 36.333050200559825], [138.36596771519305, 36.33293189119575], [138.3659338770548, 36.33260778340398], [138.36590959126963, 36.33244077419265], [138.36585818269114, 36.332333338790995], [138.36577605149046, 36.33222093863665], [138.36577869570138, 36.33211356446183], [138.3657790430472, 36.33191278556284], [138.36578682660505, 36.33167621132167], [138.3659632827583, 36.33123405059711], [138.3658521229325, 36.33086116556551], [138.36576249329033, 36.330538296000356], [138.36567020491952, 36.33020588423541], [138.36551057474372, 36.330154022148974], [138.36540959192848, 36.32958628437748], [138.36533656605147, 36.32919256434334], [138.36526795725442, 36.3290811650412], [138.36493036395038, 36.328934642145555], [138.36475860759654, 36.328795278613335], [138.36455974888275, 36.32870362078258], [138.36407357474482, 36.32851615745774], [138.36407524176036, 36.328272641081455], [138.36407312769072, 36.3280698536723], [138.36415090909557, 36.32784825406439], [138.36423228698357, 36.32768534504187], [138.36433570493347, 36.32755822971725], [138.36432531845986, 36.32717152072652], [138.3643841461644, 36.32655429342973], [138.36442935298587, 36.32598774700868], [138.3641861559056, 36.3259656062298], [138.36387310282578, 36.325844950673144], [138.36374045263912, 36.32582691344605], [138.36349722827316, 36.325820684148184], [138.36318280365893, 36.32578054030226], [138.36301992869488, 36.32570670129287], [138.36299377907207, 36.32569484259054], [138.36299628398478, 36.32566305432625], [138.3630209729497, 36.32559548818357], [138.36309724734915, 36.32553192650694], [138.3632079466731, 36.32545653689916], [138.36341331648282, 36.32533450460065], [138.36363219470647, 36.32521942350757], [138.36382159975844, 36.325094414324454], [138.36392736769645, 36.32502694099533], [138.36395693467696, 36.32497525930569], [138.36393009762133, 36.324865913880764], [138.3639302337198, 36.32478835672588], [138.36395251109602, 36.3247009305413], [138.36393662098993, 36.32465021630735], [138.3638827691297, 36.3245388004431], [138.36385096227096, 36.32445923458021], [138.36384860983233, 36.32440557804632], [138.36389782783507, 36.32435592506541], [138.36401215532808, 36.32430085351984], [138.3640625797388, 36.32427658369112], [138.3642052121151, 36.324201196381324], [138.36425689530915, 36.32415355140996], [138.36426681509568, 36.324103852489095], [138.3642412076347, 36.32398753919482], [138.36419225404023, 36.32388609113777], [138.36409411406785, 36.323810427636325], [138.36398121476952, 36.32374069743306], [138.36394689734283, 36.32369693222745], [138.36394204028323, 36.32366312930998], [138.36396190760453, 36.32354186943499], [138.3639988595501, 36.323484279159075], [138.36404802915203, 36.32346842312183], [138.36412173126837, 36.32347445781439], [138.36422984412468, 36.32347060330828], [138.36432448327542, 36.32343990610378], [138.36443517103848, 36.323368459647696], [138.36455078901363, 36.32328311250941], [138.36460986342877, 36.32321956343233], [138.36464685987323, 36.32313609799615], [138.3646864570772, 36.322977084886645], [138.36477645083423, 36.3227913019808], [138.36483309677692, 36.32271584942809], [138.36494146489704, 36.3225588865732], [138.36500050295302, 36.32252117814334], [138.36505947674894, 36.32251529490921], [138.3651036837435, 36.322519323389535], [138.36519454032901, 36.32254924574406], [138.36527557755204, 36.32257120042256], [138.36537386183227, 36.322569340428345], [138.36548936378554, 36.322549580223196], [138.3655582287635, 36.32250987648252], [138.36556812342283, 36.322468168518164], [138.3655388902586, 36.32232101125233], [138.36550710792474, 36.32223348935648], [138.36542863606164, 36.322149893309465], [138.3652924812327, 36.322031448092126], [138.3651526508831, 36.321912012240105], [138.36509136665796, 36.32183441989887], [138.36501776505995, 36.32177071972884], [138.3649196200876, 36.3216990351252], [138.3648485473245, 36.32160154036451], [138.36481433916057, 36.32149613108465], [138.3648404133427, 36.32133213792895], [138.3649167723124, 36.32122287627401], [138.36500289717824, 36.32114545152736], [138.36510120534908, 36.321123700053576], [138.36519698978444, 36.32113968767943], [138.3652853534848, 36.321187525670474], [138.3653565575487, 36.321209469674564], [138.36543521509256, 36.32119167386922], [138.36565159741752, 36.32108257091797], [138.36574503653833, 36.32103891661997], [138.36576720365605, 36.321001166081096], [138.36571210641924, 36.32089872534095], [138.3656141671594, 36.320707764968716], [138.36559217375697, 36.320640145321846], [138.365604579316, 36.32056661431965], [138.36563170784027, 36.32050897880481], [138.36572522192867, 36.32042159868934], [138.3658752504204, 36.32032833260951], [138.36604864024002, 36.32022217223936], [138.36617163257193, 36.32013285350259], [138.36626512511083, 36.32005142322057], [138.36634391757093, 36.3199481477381], [138.36640799087658, 36.31983489300167], [138.36647197241808, 36.319773354559615], [138.36654334675242, 36.31970186164741], [138.36657413464837, 36.31965317212626], [138.36658655239478, 36.31957964139533], [138.36661864910258, 36.31948423482581], [138.36666302629098, 36.31939482699657], [138.36670749587637, 36.31925173056232], [138.3667764348477, 36.31916034405631], [138.36686738983656, 36.31913062680531], [138.3670934199487, 36.31912492960599], [138.3672752640442, 36.31910327018178], [138.3675653260778, 36.319006179695336], [138.36768581092656, 36.318944668728506], [138.3677916132928, 36.31884937844354], [138.36786043588341, 36.318831536392125], [138.36796114001666, 36.31884358254803], [138.36817575727105, 36.31886504938851], [138.36819550703729, 36.3188471521286], [138.36821539752955, 36.318745428495916], [138.36823408237655, 36.31862476447736], [138.3682884562775, 36.318539063561694], [138.36836500789687, 36.31845937160691], [138.368451362318, 36.31840958232678], [138.36858460343737, 36.318327946764185], [138.36867104692567, 36.31823231730335], [138.36873276700223, 36.318162573005864], [138.36881415752674, 36.318140693362984], [138.36888069826423, 36.31814675121154], [138.3690113040964, 36.318162880279914], [138.36917886858186, 36.318190982450005], [138.36929471743886, 36.31818713164738], [138.3693539205704, 36.31816522777811], [138.3694269157862, 36.317994771719164], [138.36948388732236, 36.31783126819604], [138.3695801921235, 36.317723679913826], [138.36969116312025, 36.31768989730266], [138.36980457874154, 36.317670060404886], [138.36991064702733, 36.317628282143076], [138.37003512471776, 36.31762144751016], [138.3702471261361, 36.31761171468949], [138.3703975231777, 36.31758392528872], [138.37048380182608, 36.317578034854485], [138.3705429131194, 36.317604046463245], [138.3706266404575, 36.317653988484764], [138.37070057506625, 36.3176540689069], [138.3708361694774, 36.31764027367167], [138.3710210703975, 36.31760854434245], [138.37122331490596, 36.317540955447754], [138.3713565409415, 36.31746530311605], [138.3715220968295, 36.3172161531512], [138.37159122335703, 36.317144408956025], [138.37164055054993, 36.31712851339351], [138.3718734758888, 36.31713840983265], [138.3721126966523, 36.31714849167789], [138.37218232951707, 36.317158352198476], [138.37224894972172, 36.31716824794605], [138.3723821650678, 36.31718307087599], [138.3725093946359, 36.31716116970738], [138.37264572851862, 36.31713188217563], [138.3728351970353, 36.3170132311799], [138.37288978386093, 36.316966747966674], [138.37295960029124, 36.316863879530835], [138.37301737863714, 36.31671442243988], [138.37301750722895, 36.31663601907318], [138.37299037997246, 36.31656490886498], [138.37288755976593, 36.31647903741034], [138.37274236063226, 36.31637104697059], [138.3727152296767, 36.316302402218696], [138.37271692874867, 36.31618844207466], [138.37274126244293, 36.31611985243164], [138.37278371920334, 36.31608803656382], [138.3728685746798, 36.31604644359559], [138.3729746248679, 36.31601226534949], [138.37309879862815, 36.31600257554408], [138.37317757079782, 36.315983049939554], [138.3732170765702, 36.31589976085379], [138.37321729324356, 36.31576742216007], [138.37316018650935, 36.31550757701004], [138.3731059802637, 36.31531635065633], [138.37308800344968, 36.31520360222107], [138.37309134228198, 36.31501736718885], [138.37306728613322, 36.31490461226129], [138.37310832407306, 36.31481519788848], [138.37332213223885, 36.31462549000859], [138.3734342884839, 36.31455452814635], [138.37351917605034, 36.31449825269416], [138.37351321114338, 36.31444188280669], [138.37350417129022, 36.314410011305], [138.3734648614691, 36.3143732139891], [138.37337716987804, 36.314302041074356], [138.37327131811745, 36.31421613104312], [138.37323817509105, 36.31411318835009], [138.3732625150222, 36.314039670811525], [138.3733019314403, 36.314010315315855], [138.37335342034524, 36.31400790571936], [138.37344727284145, 36.31402272164655], [138.37360776017454, 36.31403025027218], [138.37366536777148, 36.31398373404201], [138.3736806077847, 36.313927386117754], [138.37365039601607, 36.31388813466159], [138.3735278119961, 36.31384512364143], [138.3734764006619, 36.31380095544119], [138.37347954228343, 36.31373480688984], [138.37349480892755, 36.31365638381692], [138.37355851784895, 36.313582942144464], [138.37374035545665, 36.31349490974323], [138.37379795817253, 36.313458179012656], [138.37381013645262, 36.31341900829666], [138.3737677996977, 36.313384637637945], [138.3736255608508, 36.31332565707149], [138.37354084872294, 36.313274097161624], [138.373513694115, 36.31322016696499], [138.3735350068144, 36.313149109983826], [138.3736395720732, 36.313089194954415], [138.37370025598491, 36.313023071692484], [138.37387008988514, 36.31285905247221], [138.3739277305176, 36.31279785413055], [138.37396137638626, 36.31259200499352], [138.37397360696102, 36.31252097239398], [138.37403421879318, 36.31249160493115], [138.37411303991715, 36.31243286029254], [138.37414036508395, 36.31239613364329], [138.3741420953262, 36.31226745726939], [138.37413629046506, 36.312105716215775], [138.37416683582822, 36.31194644167625], [138.37424265751713, 36.31187301012771], [138.37433056473344, 36.31181673931426], [138.37446389448206, 36.31176294441886], [138.37457000541394, 36.311687082342765], [138.37461248837175, 36.311630761263224], [138.37457627378032, 36.31155721369294], [138.37447648688857, 36.311461524996226], [138.3744660206459, 36.31138430512034], [138.37449648131127, 36.311276501166766], [138.37462396272065, 36.31109282488484], [138.3746634301787, 36.31103160650495], [138.37466652893198, 36.31098503140195], [138.37464244647808, 36.31089435008739], [138.37466070529712, 36.31084043503221], [138.374730471606, 36.31076453228491], [138.3748170390204, 36.31060165423575], [138.37485044412588, 36.3105428591816], [138.37486874538504, 36.31045711605657], [138.3748597774944, 36.310393384493544], [138.37482954753293, 36.310351668597214], [138.37477205110187, 36.31033203245745], [138.37468430068324, 36.31029272052664], [138.37465410380037, 36.310243682284565], [138.37468142514444, 36.310202026851805], [138.37480567439883, 36.310138433591284], [138.37492690620405, 36.310072408896986], [138.37502700119634, 36.30997692951109], [138.37512092385975, 36.30993780761587], [138.37521028400693, 36.309917057967674], [138.37517738880126, 36.30966706099042], [138.37518073967826, 36.309463642366445], [138.37519407201071, 36.30933571578124], [138.3751999601188, 36.309279219243635], [138.37529035891527, 36.309085112893946], [138.37534505359966, 36.308973636696244], [138.375405744026, 36.308886707120536], [138.37555819006067, 36.308708580134905], [138.37573419010835, 36.30848207215062], [138.37584272424348, 36.30830266786666], [138.37604841976307, 36.30796282484399], [138.37617584863904, 36.30780611257465], [138.3761971280519, 36.30775219863015], [138.37620402385306, 36.307703796054895], [138.3761784049092, 36.30762902823015], [138.37615887178637, 36.30753465461811], [138.3762029420796, 36.30742932793054], [138.37634638450513, 36.307205811037726], [138.37642823439484, 36.30714586902761], [138.37646614199753, 36.307105456766585], [138.37645864256817, 36.307062567760845], [138.3764435721095, 36.30701354613221], [138.37639980332457, 36.30693139761169], [138.37635146758018, 36.30686273330858], [138.3763167347277, 36.30680875913854], [138.37629714156682, 36.306752374702114], [138.37620334417332, 36.30674326475335], [138.37617580566038, 36.30673210883521], [138.37612761487912, 36.30671530234998], [138.3760794802343, 36.306670682396906], [138.37607958746375, 36.30660375317774], [138.3761347579262, 36.306553641431236], [138.3762381305157, 36.30652586680867], [138.3763690750682, 36.30648143009092], [138.37641391281315, 36.30644521454442], [138.37638646417366, 36.30637829311768], [138.3763383595808, 36.3063085365642], [138.3762970836057, 36.306272266036565], [138.37620075224973, 36.30620805456111], [138.37617669816723, 36.306174584779015], [138.37621468609646, 36.30611051238631], [138.3762321161144, 36.30598230860406], [138.3762047450578, 36.30586796546352], [138.37616358735266, 36.3057648036375], [138.37610171395406, 36.30568947015578], [138.37607424803693, 36.305633676042206], [138.37606064016097, 36.305527725136855], [138.37607457851936, 36.305427400027945], [138.3761056190364, 36.305396770818945], [138.37619517484328, 36.305385702074396], [138.37623654964955, 36.30536624116852], [138.37624692849246, 36.305335585032964], [138.37624360180521, 36.30526031164892], [138.37622301742297, 36.30521290103424], [138.37616453346467, 36.30517383302879], [138.37610607890207, 36.3051096607461], [138.3761389448017, 36.3048625494038], [138.37615752992573, 36.304773039055156], [138.37626831111675, 36.30467366125615], [138.37626233210537, 36.30456423226823], [138.37628705358236, 36.30447969231765], [138.37636702760923, 36.30443499202174], [138.37653300712554, 36.30439538083532], [138.37661910953105, 36.30436064951526], [138.37669302001186, 36.30425130506134], [138.3769269531105, 36.30399784921404], [138.37700696277506, 36.30392333093566], [138.377092990354, 36.30392838174369], [138.3772589003378, 36.30393851483095], [138.3772650829295, 36.303913631404576], [138.37743122206965, 36.30377952473785], [138.3780033251812, 36.30341199116684], [138.37821721261992, 36.303330953222385], [138.37866435119133, 36.303161464998425], [138.37923607247393, 36.30303273194137], [138.37942660927362, 36.3030080302307], [138.3795741328582, 36.30298828758388], [138.37968473681286, 36.30299836327661], [138.38012686171896, 36.30321268508701], [138.38036020042335, 36.30334226671203], [138.38051378754923, 36.30336727578425], [138.38068590572303, 36.303342591700165], [138.38084585933993, 36.303223365525454], [138.38110399954616, 36.30319873227394], [138.38132517742747, 36.30323873600994], [138.38151555118708, 36.30332848854137], [138.38169986825974, 36.30335352651006], [138.38211809939224, 36.303432588482615], [138.38240095462737, 36.303287289671935], [138.38267075901172, 36.303271958428404], [138.38328739750756, 36.303277734163984], [138.38359570436924, 36.30327803425413], [138.38407717565133, 36.30347608111222], [138.3839490898705, 36.3032159941334], [138.3839410637557, 36.302142364341314], [138.38397858217985, 36.30067879592932], [138.38371546938404, 36.300517365612635], [138.383747970965, 36.30026264369831], [138.38376117890328, 36.30001828895382], [138.383915762266, 36.299737666753174], [138.38403486228307, 36.29955323146257], [138.38434333448083, 36.29943914217336], [138.38470316113685, 36.299345909172345], [138.38465843884154, 36.29918465696515], [138.3850182559137, 36.29909663240255], [138.38514699494428, 36.29890438683319], [138.38529493330486, 36.298758952694655], [138.38555840219715, 36.29867600769535], [138.38638107779295, 36.29830243963976], [138.38693085108957, 36.297884422709835], [138.38657811952382, 36.297520144074575], [138.38632167836406, 36.297202744859945], [138.38604612981393, 36.2967709394566], [138.38641212647062, 36.29683368896879], [138.38678449294014, 36.29694321678931], [138.38698346098903, 36.2970370010429], [138.3872209567699, 36.29714120538104], [138.38740723932233, 36.29712059122455], [138.3877348038696, 36.297115688309425], [138.38806875543398, 36.29713680527996], [138.38825824904922, 36.29712918345019], [138.38850267079215, 36.296879832008564], [138.38857971512226, 36.29689551755015], [138.38934487732163, 36.29630350715357], [138.38910802453148, 36.29574697397365], [138.38958980957904, 36.29569022437747], [138.3903349175255, 36.29563371465377], [138.3913658193102, 36.295580046235266], [138.39140488175605, 36.29520053795545], [138.39268734315655, 36.294367232380374], [138.39297657563418, 36.29420631512185], [138.3933681336171, 36.29436783877529], [138.3941448347815, 36.2946804686692], [138.3946134120586, 36.294878459240785], [138.39499203475233, 36.29510754400513], [138.39571391857106, 36.29560470653913], [138.39607977998398, 36.2957714096041], [138.39631729519698, 36.29586000049217], [138.3970814310634, 36.29599061981724], [138.3975758041122, 36.29612102298302], [138.39757571541352, 36.2961886191267], [138.39760132175022, 36.296245832460954], [138.3976718643583, 36.2963290859284], [138.39772314675966, 36.29640711030236], [138.39772946632277, 36.296479904784334], [138.3977356939327, 36.296630682356714], [138.397774163064, 36.29668790649039], [138.39788970820254, 36.296729599821504], [138.39822040258207, 36.29678967697126], [138.39828439602007, 36.296976905183094], [138.39839330568478, 36.29717976741156], [138.39845732961146, 36.29733578561127], [138.3985406678801, 36.2974554342024], [138.39872686098116, 36.297517976628995], [138.39899649896782, 36.2976013913593], [138.3991505077355, 36.29771590476842], [138.39946493090656, 36.29794493612614], [138.39966384339883, 36.298095874297026], [138.39969587619026, 36.29816349675216], [138.39971490550798, 36.29834028021903], [138.40018385664033, 36.29828347533048], [138.40025432559932, 36.298418725057815], [138.40052274806243, 36.29837238340187], [138.4005109375306, 36.29833526640626], [138.40028734692658, 36.297711653797414], [138.40043508358838, 36.29770658226814], [138.40081218171716, 36.297681790376366], [138.4007922587617, 36.297550749902136], [138.40117534320697, 36.29748318584672], [138.40141470673478, 36.297440968336915], [138.40162465113806, 36.29739940807709], [138.40169445321436, 36.297527636998765], [138.40240144292827, 36.297355478819696], [138.40235629110555, 36.29695707842664], [138.4024088513639, 36.296771458190946], [138.40246347257374, 36.296718326715364], [138.40196436646963, 36.29664554365068], [138.40239552113664, 36.29638060155147], [138.40252755639895, 36.296219071373486], [138.40263117717308, 36.29638675281777], [138.40287804322122, 36.29626175847875], [138.4031138905496, 36.29611290940232], [138.4031839186461, 36.29605930872246], [138.4031242698816, 36.29626191081876], [138.4033270884587, 36.296414137851855], [138.4036620809144, 36.29648892625141], [138.4037033043233, 36.29590472622046], [138.4040088402898, 36.29597650506212], [138.40429237513453, 36.29597374997557], [138.4043292993325, 36.295890317916225], [138.40441026965516, 36.29592317028472], [138.40453832812082, 36.29619634106685], [138.40479307511782, 36.29604270335792], [138.40478916910502, 36.29622750789046], [138.40493579884722, 36.29619665406693], [138.40486986333718, 36.29648689838709], [138.40458622569105, 36.29657311788371], [138.40447918961212, 36.29677870729904], [138.4046930904221, 36.296870595026334], [138.40481013270693, 36.296784635461016], [138.40496436400895, 36.29671196774104], [138.4051699772439, 36.296634147233235], [138.405471955073, 36.296545999450906], [138.40570966389822, 36.29648897577234], [138.40613996819056, 36.296510116821004], [138.4061400551667, 36.29643732819079], [138.40619140198083, 36.29646336807874], [138.40623642912058, 36.29640620992463], [138.4063134965631, 36.296406269596034], [138.40646105763688, 36.29654155659875], [138.40703007470367, 36.29661963355304], [138.40703958038713, 36.296616066358126], [138.4078680817529, 36.29615269605008], [138.4077751238921, 36.29601486445507], [138.40797142045776, 36.29585449651639], [138.4080644183489, 36.295778520037246], [138.40807523497722, 36.29576774374368], [138.40824384241031, 36.295599745601834], [138.40827777596994, 36.29554491308314], [138.40855350578974, 36.29569894526298], [138.40856179488932, 36.29570357668655], [138.40860626537443, 36.29571649836172], [138.4086523099994, 36.29573325533235], [138.40871129351592, 36.29576314773916], [138.40877015033632, 36.295813865304424], [138.40884741117077, 36.29587055912146], [138.40890490568623, 36.295964739784104], [138.40895033134666, 36.29602861569931], [138.40899810398216, 36.29611211283662], [138.40901522648267, 36.29615562787073], [138.40907526205592, 36.29625822611941], [138.40908255469887, 36.296320828446596], [138.4098382356229, 36.29560303792583], [138.40968741567025, 36.29547176983409], [138.41021544040495, 36.29480992493781], [138.41023335958215, 36.29478965280783], [138.41039755901082, 36.29458164934788], [138.41059536535613, 36.29437755498397], [138.41062051610922, 36.29435160306619], [138.41090760251757, 36.29424759917714], [138.4109602164224, 36.29430734173408], [138.41096248980796, 36.294309435966504], [138.410978476829, 36.294295121397326], [138.41154430728784, 36.293916434497675], [138.41305893232274, 36.29288813277386], [138.4136456799732, 36.292514762083634], [138.41415901087126, 36.29225406423826], [138.4143423227649, 36.29217707827955], [138.4146794511817, 36.292177319595396], [138.41499466495364, 36.29212413672064], [138.41530987194568, 36.29207690386305], [138.41557378087887, 36.29201775307353], [138.41609065704893, 36.29185495349614], [138.41629233496047, 36.2917364339915], [138.41661493611068, 36.291623931308735], [138.4168825429893, 36.291535117620974], [138.41705858201325, 36.291389859953846], [138.41726387469555, 36.29131583857171], [138.41740314150488, 36.29130407056689], [138.41791982558865, 36.291319266906356], [138.41807374950912, 36.291310464368735], [138.41808844316677, 36.2912689497706], [138.41801173338362, 36.2910345328248], [138.41790576689135, 36.29073779911937], [138.41790222901216, 36.29061617776228], [138.41793740182865, 36.29051966709772], [138.41795735890733, 36.290464901691244], [138.41812611934458, 36.290275152540815], [138.41815499916908, 36.28827065935829], [138.41820522856483, 36.2875149130542], [138.41817572439197, 36.28718138774804], [138.41816813298098, 36.28709555300473], [138.41806344539123, 36.28670654423124], [138.41789371573435, 36.28630127954161], [138.41760655363993, 36.285739955566385], [138.41710453824007, 36.28485842892597], [138.41665244822738, 36.28410656179331], [138.4165025595395, 36.28388362120147], [138.41636776020474, 36.28359183016507], [138.41638305480933, 36.28331228964724], [138.416571320936, 36.28272293617604], [138.4167096626453, 36.28240563482108], [138.41691743290295, 36.28192907477634], [138.41732327136262, 36.28143508382534], [138.41760347074273, 36.281459585577274], [138.41803875586797, 36.28152064881452], [138.41876168358667, 36.28166497408677], [138.41928702157597, 36.28173420864528], [138.41988252459717, 36.281706249990016], [138.42043805779528, 36.28161747912], [138.42089109749227, 36.28143344229946], [138.4212565600681, 36.28125946578052], [138.4218824867811, 36.28081422131855], [138.4221980685274, 36.28047813917496], [138.42225821153886, 36.28037688961329], [138.4224161471448, 36.280054911739114], [138.4225165897756, 36.27968628554361], [138.4225620895467, 36.2792082348289], [138.42257240657742, 36.278888186660545], [138.42250542357695, 36.278298656999084], [138.42302092348552, 36.27817743804084], [138.42294118588495, 36.27784921452846], [138.4230114648123, 36.277610229624884], [138.4231367666633, 36.27739961863734], [138.42334717793355, 36.277136410824085], [138.42356250273787, 36.27696233062445], [138.4238805176066, 36.27667285663742], [138.42447409494133, 36.275994596817874], [138.42468943688772, 36.27579622196127], [138.4247165669944, 36.27579183859476], [138.42486458865838, 36.27576795449362], [138.42502469159595, 36.27578019894387], [138.42533984617958, 36.275865485767284], [138.42570497408323, 36.27601156774701], [138.4259401093751, 36.27605221626704], [138.42624025666797, 36.27612937658822], [138.42637527990362, 36.27621050250166], [138.42640029082148, 36.27622266314502], [138.4264298992774, 36.276668338484896], [138.42647478679942, 36.27683448256486], [138.4265397844521, 36.276887190470546], [138.42678991119172, 36.276948122762306], [138.42705007528158, 36.27698473601741], [138.4271751668993, 36.276980762351], [138.42754012748316, 36.27733344608254], [138.427505664036, 36.27746424849337], [138.42740656913514, 36.27763524001498], [138.42733685064195, 36.27784738271677], [138.42725116838292, 36.277964249738254], [138.42709059642303, 36.27810272398703], [138.42717070080894, 36.27823269922425], [138.42696200207706, 36.278358153232766], [138.4268229014637, 36.278410015228346], [138.4267107235319, 36.27826271793051], [138.42654508331705, 36.27808940458209], [138.42634741051, 36.27785111698488], [138.42612814868446, 36.27784232270703], [138.42602629337196, 36.278102080917144], [138.42590827750064, 36.27847443341189], [138.42573164391874, 36.27862155689144], [138.4256032929156, 36.2786214783668], [138.42531659708607, 36.27921673848618], [138.42522006525806, 36.27950248045034], [138.42512371652393, 36.27957603478764], [138.42498169523185, 36.27988123596827], [138.4247139133099, 36.28026648681795], [138.42457721711872, 36.280597686332584], [138.42450210717033, 36.280840120665935], [138.4245233240918, 36.2810263538449], [138.42459243216945, 36.28147242018552], [138.4247148751234, 36.282083087435474], [138.42492349436128, 36.282057235464734], [138.42496875967635, 36.28226728201264], [138.42498460320712, 36.28248815702442], [138.42494693821018, 36.28272196949339], [138.42488350423326, 36.28296284453295], [138.42482990951913, 36.283101803213825], [138.42486352100178, 36.28327042403252], [138.4249704962663, 36.283224916966056], [138.4250154865659, 36.28327051815396], [138.42486339677598, 36.28340256998296], [138.42505443395234, 36.28374443086723], [138.42514432346246, 36.283951125690955], [138.42515552916274, 36.283976905448746], [138.42517224676072, 36.28415919153598], [138.4250877191842, 36.28426848848231], [138.4250538784868, 36.284336819587764], [138.4250678842891, 36.28440745160378], [138.42516910411993, 36.28450776263128], [138.4252535210538, 36.284516933586964], [138.42538297677515, 36.284503351883636], [138.4259459303164, 36.28438065629028], [138.42660456207244, 36.28423979202404], [138.42707182551325, 36.28412616456357], [138.42716751530892, 36.284112546284675], [138.4272068990824, 36.28412624574564], [138.42722937174955, 36.28416727400467], [138.42724049889674, 36.284308527487056], [138.42726855660183, 36.28439969161176], [138.4273079405489, 36.28441337674038], [138.42743739422414, 36.28441345430342], [138.42834650333342, 36.284270458728216], [138.42844174388563, 36.28475807981908], [138.4298095542806, 36.28460851533065], [138.4296753091967, 36.28366518521973], [138.4313430496799, 36.283486573422955], [138.43108604652, 36.281601911766394], [138.43507417684722, 36.28120415267037], [138.437471377854, 36.2809695690706], [138.43759893621282, 36.28188268010089], [138.4393032768896, 36.28170582807333], [138.43944562421808, 36.28169105890398], [138.4410063473408, 36.28154470325442], [138.44146058952353, 36.28161415551292], [138.4413831524469, 36.281525417167934], [138.44104689929037, 36.280906459762946], [138.44094032519152, 36.28048233767827], [138.44090314029512, 36.280166435602794], [138.4410048680939, 36.279911190421636], [138.44120273613882, 36.27975117074984], [138.4414325967629, 36.27967771912971], [138.4417907321838, 36.279591355499484], [138.44204193661156, 36.27956984207314], [138.44199375633335, 36.27968665046176], [138.44198290507367, 36.27991599272722], [138.44198282729184, 36.28002416242757], [138.44203086790245, 36.28010207874995], [138.44224185488045, 36.2802687732286], [138.4424770373475, 36.28022561723362], [138.44276566552003, 36.28019545881679], [138.44330007716067, 36.28023466468369], [138.4436420819185, 36.280295396250395], [138.44396272650053, 36.28032583836106], [138.44397758347623, 36.28032929704134], [138.44426197230712, 36.280395210056], [138.44463072457836, 36.28042567245944], [138.44474829452767, 36.280425726093696], [138.444865867868, 36.280438754022704], [138.4452506690602, 36.280438928376235], [138.44565150502592, 36.28043910867837], [138.44588757173773, 36.28048695262182], [138.44591151817468, 36.28064281895378], [138.44609600379417, 36.280642901067736], [138.44644897088116, 36.28057811937527], [138.4467859271591, 36.2804613682429], [138.44686600141512, 36.2806757168807], [138.4469781878107, 36.28084461448131], [138.44713853126564, 36.28094859727745], [138.44732296342306, 36.2810266066509], [138.44754750640536, 36.2810916449315], [138.44774802194922, 36.2811047250303], [138.4477238625211, 36.28124759551023], [138.4477317816361, 36.28141644608304], [138.4475713446354, 36.28142936560238], [138.44758721462003, 36.28170862420766], [138.44759514428347, 36.28184499642704], [138.44753085504968, 36.28203979604133], [138.44745859137538, 36.282156665360226], [138.44772716672924, 36.28233536535069], [138.4478534431327, 36.282424720652685], [138.44785743966355, 36.282457200222716], [138.44784138531466, 36.28247991782249], [138.447709033662, 36.28247985902871], [138.44787339997092, 36.2825903370591], [138.4480538178821, 36.28266184927093], [138.448224252195, 36.2826830302852], [138.44819589699026, 36.283140867779245], [138.4482198158944, 36.28335843133484], [138.4483517954437, 36.283942975162006], [138.4481954179312, 36.28389094264971], [138.44802700108917, 36.28383892111316], [138.44791491323159, 36.283514152751536], [138.44773865109096, 36.283189371807914], [138.44758639221507, 36.28298148485579], [138.447405837568, 36.283101544679795], [138.44738174223605, 36.28314374550318], [138.4473816853624, 36.283231424119485], [138.44748174907775, 36.283546437710946], [138.44758589491778, 36.28375104638681], [138.44772217798453, 36.283861494044835], [138.44770207758933, 36.283945926515294], [138.44766585307593, 36.28413424270869], [138.44842374828235, 36.28432291212263], [138.44852001085934, 36.28429697257233], [138.4485601639373, 36.28421906124313], [138.44878476663678, 36.28421266511017], [138.44881679491354, 36.28429384529814], [138.44922590036177, 36.284261562800246], [138.44941842696164, 36.28424216068557], [138.44979837291936, 36.284363097099636], [138.45003391322751, 36.28447186013412], [138.45001594867844, 36.2845781028051], [138.45003970627687, 36.28473747108466], [138.45009931052806, 36.28481959620934], [138.45014700045263, 36.28485823772302], [138.45021856353, 36.284877596620035], [138.45028417936385, 36.284872783123134], [138.45034980200703, 36.284853500039574], [138.4505348196554, 36.28467973290728], [138.4507616321023, 36.28442870478628], [138.45089297308533, 36.28422592256883], [138.45097064653436, 36.28401831217869], [138.45111981504326, 36.2839411159923], [138.45130475142074, 36.28387840347609], [138.45143598284608, 36.283863969072314], [138.45157316454942, 36.28387367326941], [138.4517997980867, 36.283931732348975], [138.45192504857715, 36.283936607503854], [138.45209212759426, 36.2838207785546], [138.45231880189274, 36.283806383781396], [138.4525037136322, 36.28378713032379], [138.45280198525393, 36.283714816031605], [138.4528586459623, 36.28373657728635], [138.45300174607036, 36.28383322175324], [138.45322835377684, 36.283910572548244], [138.45344901928237, 36.283954121377725], [138.45354443007474, 36.284012106834865], [138.45364577416845, 36.284108734547026], [138.4536858235352, 36.28413469758744], [138.45370539758457, 36.28414739700355], [138.45393795649076, 36.28425856288435], [138.45408107044213, 36.28433105550543], [138.45422415945615, 36.28445183101796], [138.4544447639437, 36.28460163016171], [138.45470116555836, 36.28476108860891], [138.45509174179082, 36.284961664545264], [138.4553362884848, 36.28498106908399], [138.45548546520462, 36.284884538879155], [138.45573003512393, 36.28484117069995], [138.4559328030087, 36.28490403679381], [138.45599835541736, 36.28503444611666], [138.45612930601536, 36.28554156484982], [138.45619308680926, 36.28567406815305], [138.45622463421373, 36.285739596845545], [138.4563319564767, 36.28582656064419], [138.45645124912366, 36.28582178142709], [138.45689862955174, 36.28579297353261], [138.45718494810635, 36.28578823694401], [138.45743543056716, 36.28585594180014], [138.45772463480125, 36.28604196982197], [138.45793334781624, 36.28615311899421], [138.45826137898257, 36.28621600874322], [138.45853571709947, 36.286307869965874], [138.4587444732196, 36.28634174157164], [138.45889957375954, 36.28630317665814], [138.45902486252476, 36.286264581814905], [138.45911433344494, 36.28626461321893], [138.45915011386552, 36.286283936149985], [138.4592991916189, 36.28638057544781], [138.45940050359934, 36.28655929846476], [138.4595375729679, 36.28680562816407], [138.45977013121987, 36.28695059520705], [138.46012194966204, 36.28716319930308], [138.46030976130086, 36.28734434363341], [138.46041703554027, 36.28754237794951], [138.4604348491288, 36.287701742918465], [138.46041081663816, 36.28805911080208], [138.46047645810677, 36.28809361676372], [138.4605009425667, 36.28810649153552], [138.46063145948537, 36.28817508169687], [138.46095946074595, 36.28834421252656], [138.46124856227974, 36.288757202262566], [138.46148108580192, 36.288993913509394], [138.46174944896808, 36.28915337695639], [138.46198799978492, 36.28926935155211], [138.46231605302964, 36.28932258182519], [138.46247109609806, 36.28941437669883], [138.46256647144637, 36.28957858937035], [138.4626826125039, 36.28995290020062], [138.462789848196, 36.29025718248351], [138.46304034597756, 36.29035383008283], [138.4632789222773, 36.29042153478993], [138.46350555561602, 36.29051335029947], [138.46374535866534, 36.29069936272626], [138.46378582327492, 36.29073076050769], [138.46391998553335, 36.29085875857772], [138.4640034273923, 36.29100367358766], [138.46407494072878, 36.29116305401195], [138.4641942170913, 36.291240348602145], [138.46442684383192, 36.291279057694126], [138.46472507580532, 36.29134675741989], [138.46488014769625, 36.29141924032887], [138.46496360303917, 36.29154000230325], [138.4651484364535, 36.291757365785415], [138.46520220758663, 36.29179003437329], [138.4653154223439, 36.2918588249487], [138.46559576871127, 36.29191687252467], [138.46570907281608, 36.29198934175961], [138.46593568917777, 36.29215842893094], [138.46612947805284, 36.292354052682455], [138.46628454096788, 36.292426533735835], [138.46648735864537, 36.29243625426877], [138.46661862782722, 36.29238800616927], [138.46677969031208, 36.29238322731526], [138.46697055738687, 36.29243156509499], [138.4670718591493, 36.29269718668679], [138.46710164184046, 36.29280826885367], [138.46731633837234, 36.29295321806664], [138.46749527616464, 36.29302570349231], [138.46787706239175, 36.29303062883863], [138.4680202009209, 36.293083793426085], [138.46819314180874, 36.29322871169394], [138.46831406670591, 36.29326852533632], [138.468384017055, 36.29329155199], [138.46863153814465, 36.29338818632611], [138.46887609483244, 36.293460705009444], [138.46913404877213, 36.29361168068637], [138.46978117959458, 36.293935405372984], [138.4702349360374, 36.29329144641667], [138.4703034202094, 36.29319424195728], [138.47060606647057, 36.293463552932316], [138.47084164101764, 36.293656785091976], [138.47102057335516, 36.29372201386939], [138.47121145889685, 36.293765521050815], [138.47148287297557, 36.29380904716141], [138.47176918742773, 36.293869493125456], [138.47206444023922, 36.293999946276074], [138.47231792167833, 36.294137642308485], [138.47252071298314, 36.294246332228646], [138.47280701897228, 36.29437438771189], [138.47297105027883, 36.29443478400235], [138.4730248249034, 36.294328880183784], [138.47340298591843, 36.29444586303948], [138.47399086239267, 36.29462133185332], [138.4739530874992, 36.29448215500971], [138.4741318886626, 36.29444601949814], [138.47424544183175, 36.29415379950576], [138.47429367162297, 36.29383371836105], [138.4745412102095, 36.293858819608246], [138.47497614850772, 36.2938074195173], [138.47499675077313, 36.29389927589199], [138.4751583481804, 36.293907670696846], [138.47542668040592, 36.29339836635329], [138.47614522039945, 36.2935042830565], [138.47681735023494, 36.293605999476014], [138.47690345426642, 36.293052137266876], [138.4770598872025, 36.29308974939307], [138.4773830361294, 36.29318164330235], [138.47741054022606, 36.29320393481137], [138.47745446864775, 36.29320744530151], [138.4776546424025, 36.29322344712176], [138.47790905494122, 36.29327359106596], [138.477950288692, 36.293332040332054], [138.47802935040195, 36.293398858852356], [138.47817374418543, 36.293451763862954], [138.4783215785211, 36.29347127536082], [138.47858286799766, 36.29349915246146], [138.4787152312347, 36.293542319200405], [138.47883209592152, 36.29362862915205], [138.4789661686169, 36.293692657109105], [138.47912087956186, 36.293723312060585], [138.4793134030241, 36.293790148409045], [138.47947498062194, 36.29387366584623], [138.47961247623954, 36.293965541068424], [138.4797499687091, 36.294118639899466], [138.47992529152882, 36.29423000806761], [138.48020718978123, 36.2943608609807], [138.4804031488622, 36.294455526016854], [138.4805131309712, 36.29461140040482], [138.48065661790702, 36.29480137753437], [138.4808493579476, 36.29500003900896], [138.48108589843307, 36.295294467064046], [138.48119347986352, 36.29534914186474], [138.48130933178055, 36.29540800568318], [138.48196427667023, 36.2959419299096], [138.48217019535878, 36.29602355021479], [138.482358588661, 36.29612287625161], [138.48259954179076, 36.29627543971898], [138.4828843106062, 36.29647411099241], [138.4830135495936, 36.296582299690826], [138.48316249898585, 36.29672421824418], [138.48332899180747, 36.29678453051309], [138.4834867199569, 36.296855492829415], [138.48354366103473, 36.29694418367381], [138.48367509485442, 36.297057705674575], [138.48391169444412, 36.29712511931452], [138.4841439017007, 36.29723156102428], [138.48432351561183, 36.2974408646558], [138.4845184805561, 36.29755970955622], [138.48485584653767, 36.297754829089705], [138.4851581702911, 36.29786127558557], [138.48479438948843, 36.29834008400166], [138.48449848376242, 36.299026387233006], [138.4845992531145, 36.29911508318218], [138.48471314962697, 36.299264054353394], [138.48480293603367, 36.29949994477681], [138.48493000101155, 36.299553157216266], [138.48526300540223, 36.299659625313225], [138.48517495067472, 36.30085654514219], [138.4851575836831, 36.301092598863285], [138.48403633401836, 36.30111756015933], [138.48404646194692, 36.301481028118175], [138.48405659760462, 36.301861007639545], [138.4813420995832, 36.301910156401604], [138.48139779542936, 36.30381416794623], [138.4784791133094, 36.30387976728122], [138.4785400875549, 36.304854486004295], [138.47799006654537, 36.30487406592556], [138.4779048051956, 36.30487707868373], [138.4795934749067, 36.306066872058885], [138.48073884915792, 36.30684971763939], [138.48158577637565, 36.30744457796729], [138.48159086171418, 36.30751065990149], [138.48144284421002, 36.307696489654326], [138.4813586158223, 36.30785549946777], [138.48131250849121, 36.308627800569546], [138.48074609052722, 36.308648378827755], [138.48038378042818, 36.30864420202455], [138.4802664236596, 36.30860288731049], [138.48006741579087, 36.308582188617734], [138.4797969752247, 36.30856563314878], [138.479608166369, 36.30856144687119], [138.47937855119608, 36.30852838578651], [138.4793173004444, 36.30855316024411], [138.4796678760169, 36.3088176490123], [138.47999076731432, 36.30906125517147], [138.48026623951617, 36.30937107639561], [138.4796564596373, 36.30932348313433], [138.47929926014564, 36.30931103058687], [138.47902366207748, 36.309463811575895], [138.47871744812747, 36.309583529507265], [138.47851841693998, 36.309653694275866], [138.47827854270508, 36.30978993206609], [138.47852346175264, 36.309864330001965], [138.4790796469549, 36.31000070922473], [138.47928885251443, 36.31008337333793], [138.47950569696866, 36.31021349513717], [138.47970977754284, 36.310353964344515], [138.48008736241778, 36.31049858067662], [138.48008733110203, 36.31063074406584], [138.48011282601894, 36.310746399025405], [138.48024552576348, 36.310630769751164], [138.48058232220384, 36.31063906132697], [138.48065369231753, 36.31096535816848], [138.48020460715196, 36.311023129815354], [138.4803907215651, 36.31166126286514], [138.48066629367457, 36.31164476119786], [138.48096226467112, 36.311677864565645], [138.48117656650007, 36.31175221728471], [138.48135515558317, 36.31183899121031], [138.48136024963694, 36.31191334621363], [138.4812990125995, 36.31191333687772], [138.48122755899314, 36.31193811068736], [138.4811663187712, 36.31195461270986], [138.4806662323932, 36.31190084619819], [138.4805335395639, 36.31193384746402], [138.48038042078286, 36.31202884347652], [138.4803140692613, 36.31209491318349], [138.48036502860057, 36.31235924613354], [138.4806252645388, 36.31249968589387], [138.4808089474556, 36.312607127657714], [138.4809841023531, 36.31280920045287], [138.48124734387704, 36.31281730366256], [138.48129125309106, 36.31234080152668], [138.48168417947377, 36.31241106195167], [138.48166879090093, 36.312749736374876], [138.48160242468506, 36.31287361601789], [138.48195454306043, 36.312881941656], [138.4819647649496, 36.31278695737099], [138.48198012744515, 36.31255977848562], [138.48224038549685, 36.31255981644581], [138.48230166201267, 36.3123781286839], [138.48260784630727, 36.31241946807625], [138.48275581906793, 36.31248557149948], [138.4827485371069, 36.312638327535964], [138.48322017840934, 36.312634308476646], [138.48386825124086, 36.31272526029059], [138.48383252195802, 36.3128120021633], [138.48346508164065, 36.31285324946217], [138.48347820765335, 36.31303455999494], [138.48338491100742, 36.313023775613914], [138.4833116036055, 36.313018377579475], [138.4830976254787, 36.31296881517788], [138.4830210726592, 36.31303488496084], [138.4827734730977, 36.31346647098513], [138.48302861362743, 36.313553253046294], [138.4831204955976, 36.31346651913774], [138.48347774407856, 36.3133426797593], [138.48373296967839, 36.31301227306304], [138.48427896000067, 36.3132353724762], [138.48425566520302, 36.313336269246065], [138.48420746250335, 36.31354513613292], [138.48408494005423, 36.31373097171721], [138.4839726462853, 36.31387962976531], [138.4839114049725, 36.31390028745475], [138.48382464444367, 36.313900276088425], [138.48362047495678, 36.314110885173044], [138.4838679609354, 36.31419146710753], [138.48386792086677, 36.31439382930697], [138.4835668276159, 36.31441445572161], [138.48342393043467, 36.31445573215559], [138.48318915828332, 36.31455068440904], [138.4829952075898, 36.314666308078635], [138.48265329197244, 36.31466210716936], [138.48254711964262, 36.314652551430505], [138.48246958062947, 36.31464556804151], [138.4823317820265, 36.314690999262474], [138.4822909220617, 36.314847905200075], [138.48194390902015, 36.31477765531382], [138.48184184465137, 36.31477764026575], [138.4818265007706, 36.31491807250879], [138.48181878879925, 36.31519682859866], [138.4815788902815, 36.315386796811985], [138.48131344999726, 36.31565519979191], [138.48106842698436, 36.31593599769926], [138.48132610501926, 36.31611984602047], [138.48109638075138, 36.316404798907136], [138.48104023015088, 36.31650804820115], [138.48091770127147, 36.316669095273994], [138.48072884281177, 36.31682601167215], [138.4807900715598, 36.3168714359054], [138.480626718583, 36.31706965391301], [138.48077469381954, 36.3171440313383], [138.480846155321, 36.31710686542266], [138.48111915561765, 36.31726177699143], [138.4809353794697, 36.31745175306452], [138.48107314246522, 36.31757981646663], [138.48113438069643, 36.317588063436936], [138.4812772437917, 36.31777393657127], [138.4809556663663, 36.31798867576201], [138.48100158692324, 36.318067156075436], [138.48108067613373, 36.3181270534929], [138.48123887327617, 36.31817661087095], [138.48143278440682, 36.318238602100465], [138.48162670041057, 36.31832537772998], [138.48174915673556, 36.318436893072274], [138.48184099779755, 36.31855255692769], [138.48200429105339, 36.318635172606115], [138.4823972382994, 36.318759152973634], [138.48255033544265, 36.318808744178824], [138.4827085045528, 36.31900700951331], [138.48287688816654, 36.31913503931551], [138.48294321757257, 36.31925070040499], [138.48304782121906, 36.31933538308334], [138.4826650199432, 36.31950054897544], [138.4824403962523, 36.319768960067464], [138.48237409377086, 36.319587220088835], [138.4820219228544, 36.3196780347251], [138.48211370597704, 36.32005390211574], [138.4820728609257, 36.32013236849045], [138.48196055921346, 36.32020667016259], [138.48170024065124, 36.32035945787286], [138.48156495266792, 36.32052258009392], [138.48178455356302, 36.32072159431844], [138.48180377099234, 36.320739023838435], [138.48203439646514, 36.32094803646724], [138.48225890442583, 36.32116697734277], [138.48235328891872, 36.32133425178809], [138.482378756304, 36.321549007304355], [138.4823225176666, 36.3219744218819], [138.48221527126222, 36.322288296684555], [138.48204166351076, 36.322631066983355], [138.48207228191478, 36.322672366829835], [138.48216924295397, 36.32272195011928], [138.48228151530205, 36.3227384793182], [138.48238360251847, 36.32273437329123], [138.48252651313126, 36.322701337441615], [138.4826234879547, 36.322693077897085], [138.48274086272306, 36.32275917438479], [138.4828684446737, 36.3227963690959], [138.48311341999167, 36.32281291424574], [138.48329204810838, 36.322829485675804], [138.48351662211843, 36.32283363438284], [138.48364420627254, 36.3228625549991], [138.48311340223145, 36.32289554131238], [138.4826795714946, 36.32292022992219], [138.4822610602924, 36.32291605129105], [138.48176598868372, 36.322924252714415], [138.48155672289573, 36.32299030147181], [138.4813831645362, 36.32310592501981], [138.4812172656126, 36.323314668844404], [138.48134294986676, 36.32337164922076], [138.48152643211122, 36.32349982511961], [138.48162193288925, 36.32361376353384], [138.48162693896023, 36.32368290711903], [138.48161183492127, 36.323784613781356], [138.4815866753593, 36.32387818593848], [138.4815212877731, 36.3239677034251], [138.48154638827344, 36.32412637898121], [138.48158156373245, 36.32420774280937], [138.48165194346754, 36.32425658321152], [138.4817876641001, 36.324362360933804], [138.4819334477283, 36.32443969402911], [138.48195857202154, 36.3245047919284], [138.48195854682388, 36.32461463162787], [138.48188563324305, 36.32468580784177], [138.48181522518348, 36.32476310736703], [138.4817800122218, 36.32484449809835], [138.48180008676798, 36.325019435525434], [138.48179000248416, 36.32512927539088], [138.48167934665764, 36.325332674562155], [138.48158379058174, 36.32545471789352], [138.48144298490095, 36.325556405602846], [138.48130219098869, 36.3256499601518], [138.4811462990813, 36.325771993369045], [138.4813574471958, 36.32583303709883], [138.4815384339898, 36.32589815864907], [138.4816062257762, 36.326250081266714], [138.48163135336287, 36.32629078244777], [138.48176710339408, 36.32633149954603], [138.48188777476153, 36.32631930168147], [138.48209393350973, 36.32623797171374], [138.4821995407382, 36.32614845976985], [138.4823151899361, 36.32607933419232], [138.48257161602058, 36.3260386733828], [138.48275261628064, 36.326042783269365], [138.4828028985679, 36.32606718763845], [138.48288331749205, 36.32615264176553], [138.4829637432637, 36.32625436127524], [138.48300893050575, 36.32655949200999], [138.48297370763274, 36.32668562911775], [138.48285804990314, 36.32674257426239], [138.48279267811935, 36.32681170960009], [138.48275746460536, 36.326893063198106], [138.48273627871728, 36.327046450606325], [138.48276641506487, 36.327116125723215], [138.48283531924255, 36.327147504448206], [138.48292575647753, 36.32721025191368], [138.48295587325825, 36.327314816056195], [138.48295153931466, 36.32747862661666], [138.4829859693495, 36.32756572837905], [138.48303763365516, 36.327642412817056], [138.48296871161955, 36.32769119959403], [138.48313665288023, 36.32784806101204], [138.48317109625782, 36.32793167903681], [138.48317440160798, 36.327991705198286], [138.483183965512, 36.32816519845303], [138.48313006367323, 36.32844574216981], [138.48255295276263, 36.32833064561349], [138.48258738929266, 36.32844218069785], [138.48264766218864, 36.32851886622909], [138.48271656049084, 36.32858161221503], [138.4824667338475, 36.3286686740714], [138.48249685817188, 36.32878369442923], [138.48251833473316, 36.32907642848745], [138.48251831282334, 36.32917401795103], [138.48225122706415, 36.32937264121879], [138.4823373577796, 36.329424933938185], [138.4817794784894, 36.32992145765289], [138.48222302417062, 36.33024910666565], [138.48291204531645, 36.33077196764682], [138.4829097137347, 36.33079238635433], [138.48288400016364, 36.331017661570655], [138.48293998793233, 36.331049036626624], [138.48302180545863, 36.331122239015095], [138.4831079179967, 36.331275570115885], [138.48300023900129, 36.331286011839914], [138.48288824353662, 36.33132781962163], [138.48256731590553, 36.3314828537153], [138.48213225225803, 36.331677968677106], [138.48201593223538, 36.33176857111599], [138.48181343513923, 36.332043845718005], [138.48170573039042, 36.332158845800905], [138.4815807929171, 36.3322773274322], [138.4815549257005, 36.33237836310627], [138.48150534375193, 36.33258222857391], [138.48141917807075, 36.332658892594225], [138.48135886769737, 36.33272510396415], [138.48133730636488, 36.33280874941034], [138.4813372788333, 36.33292376376461], [138.4812769524486, 36.33300740167567], [138.48121662742795, 36.33313282925404], [138.4812165846084, 36.33331058150385], [138.48119716141852, 36.33348308411836], [138.48111527251157, 36.33369563961818], [138.48114110378188, 36.33374443910101], [138.48126168693102, 36.333821134432064], [138.4814382551233, 36.33393617544568], [138.48157175496343, 36.33407909450124], [138.4817052383993, 36.33425334438367], [138.48192056599163, 36.33439627346305], [138.48185593793076, 36.334486883304734], [138.4818300819835, 36.33454957998499], [138.4818559119301, 36.33459837764686], [138.4818042190575, 36.334633223207454], [138.48175898632132, 36.33462452085618], [138.48165560494488, 36.33466632934792], [138.48158235622844, 36.33475690145938], [138.48153924692215, 36.33489630820575], [138.48151337816725, 36.33501131865509], [138.48143582986455, 36.33509146984329], [138.48117742054373, 36.33496944470907], [138.48088456329285, 36.33478119267074], [138.4807510843504, 36.33460345545988], [138.4806563569078, 36.334422204197764], [138.48064777623827, 36.33430722261487], [138.4807813985383, 36.33390643265407], [138.480772795919, 36.333871613902105], [138.48066511464643, 36.33387856714894], [138.4805574213786, 36.33393079420967], [138.4804669546717, 36.33395517712657], [138.4803162095637, 36.33391684986556], [138.4795840249288, 36.33369715623703], [138.479422376551, 36.33416585169189], [138.47915721999493, 36.33513641562856], [138.47884677226267, 36.33632823481547], [138.4785172053919, 36.33648674258557], [138.47846111997612, 36.33680385945669], [138.4784136773611, 36.33700251367036], [138.47845674511308, 36.33703737482401], [138.47845240625074, 36.337173266387275], [138.4783920672366, 36.3372812998002], [138.47831880531945, 36.33739630262835], [138.4783230898092, 36.33748692026372], [138.4783746192836, 36.337652604601224], [138.4783417615367, 36.33784277744512], [138.47766925185698, 36.33793999974821], [138.4777840353265, 36.33805060031573], [138.47806829518152, 36.33820104852702], [138.47825417074714, 36.33824086262878], [138.47879540511215, 36.3383338613234], [138.47921636722734, 36.33842683904841], [138.47939357335744, 36.33848587353181], [138.47951433074536, 36.338546093195035], [138.4797343310492, 36.338663856337334], [138.47999077448983, 36.33857961644661], [138.4799593824013, 36.33845920993959], [138.47998835483872, 36.33837961809394], [138.48004959723806, 36.33826193512412], [138.480148874971, 36.338164291576035], [138.48018363320585, 36.33810810980305], [138.48020349808527, 36.33805727681673], [138.48032595533238, 36.33792217915683], [138.48070480774302, 36.33793695444808], [138.48070471175794, 36.33832086706996], [138.4804399876401, 36.33841714619542], [138.48013638623877, 36.33851944024728], [138.48013967162026, 36.33860907184799], [138.4801363452916, 36.33867863713421], [138.4801280395134, 36.3387869965365], [138.48011644142605, 36.33884050752217], [138.4802239705591, 36.33888868362666], [138.480379474037, 36.33891145079744], [138.48054656936452, 36.33891013929886], [138.48055982405887, 36.33883254935655], [138.48070872034023, 36.33881919629415], [138.48079639823683, 36.33882723444115], [138.48089732016376, 36.338840630134264], [138.48098499416676, 36.33886739779689], [138.48107184924103, 36.33887075663818], [138.48112808527767, 36.33889885884564], [138.48125048731225, 36.33899252288291], [138.4814357828587, 36.339004589710036], [138.4812951078808, 36.339197210841796], [138.48129103511243, 36.33922558662443], [138.48122528206613, 36.33980061593485], [138.48121975100707, 36.34005715394592], [138.4812716729154, 36.34014785113312], [138.48135366866234, 36.34021862397198], [138.48149171370522, 36.34025955392783], [138.48152724722408, 36.340270614136884], [138.48184982010025, 36.34028615224171], [138.48216966405835, 36.34030390590248], [138.48233914907672, 36.340337092582644], [138.4823167919597, 36.34062668791484], [138.4829172855056, 36.34069158159082], [138.48313067966484, 36.34120979473329], [138.48319738214153, 36.341328584960706], [138.48325325038783, 36.34137418295774], [138.48335309322292, 36.341398416195936], [138.48340796632394, 36.34156937970004], [138.48335296037047, 36.34201228763589], [138.48321130194122, 36.342985583685824], [138.4831296433247, 36.343552337580476], [138.48296801329215, 36.34453369305591], [138.48286299221445, 36.34532927367293], [138.48279300426555, 36.34579234934512], [138.4828029716741, 36.345856986331675], [138.4828795090191, 36.34589737781586], [138.4830808419422, 36.34600108216807], [138.48351014293314, 36.34617881777044], [138.48384959636775, 36.3463000030288], [138.48437708377045, 36.346422580158865], [138.48468992167466, 36.34650880016658], [138.48490626070813, 36.34652765958614], [138.48523242541933, 36.34648999265892], [138.48535890415175, 36.34650077855089], [138.48542212966498, 36.34655193888249], [138.48553542974258, 36.34679578322409], [138.48556851637738, 36.34686696894544], [138.4856333664826, 36.34709989209053], [138.48567990442064, 36.34738259231502], [138.48572314623377, 36.347541441420894], [138.4858096638558, 36.347614148906366], [138.4859793880003, 36.347719181696995], [138.48610750914378, 36.34784438552061], [138.48620732958662, 36.34797630760315], [138.4863970165459, 36.3481594279222], [138.48681630979897, 36.34853640911102], [138.48685957321294, 36.34858756609689], [138.48689615988027, 36.34872486923976], [138.48692608614175, 36.34890526135121], [138.48699262864955, 36.34906143942675], [138.48708912540152, 36.34916646168953], [138.4871823115065, 36.34922301141656], [138.48724554133992, 36.34926878274628], [138.48733003339552, 36.349482695556674], [138.48736388656926, 36.349647141756286], [138.4874485748816, 36.349764381966], [138.48753136970245, 36.34993492318207], [138.4875689908913, 36.350090248864014], [138.48760285348155, 36.35020596982453], [138.48767059655202, 36.350312541221804], [138.48778727019996, 36.350507446051076], [138.48789077667828, 36.35063384038038], [138.4880526286357, 36.35076175423141], [138.48818438219408, 36.35085921410174], [138.48820318702093, 36.35094448244485], [138.48828599433295, 36.35106629795004], [138.4884139674624, 36.35118811787327], [138.48852725066988, 36.35128191279315], [138.48857583207607, 36.35132212142911], [138.48876778851388, 36.351623630794236], [138.48888070136536, 36.351824624604454], [138.48891078613113, 36.35202561203588], [138.48895217797642, 36.352174848729994], [138.489065100439, 36.35230884754824], [138.48911025288973, 36.352418480150135], [138.4891590533072, 36.35249389118158], [138.48937628202776, 36.352811421904434], [138.4895374672009, 36.35306089531207], [138.48967762378098, 36.353185636235786], [138.48981078131743, 36.35332741730506], [138.48978271101907, 36.35359954974592], [138.4897686387852, 36.35400208030689], [138.4896249159237, 36.35419200117384], [138.48955479970996, 36.35435076797354], [138.48955478284296, 36.354469829089346], [138.489589819257, 36.35458322821797], [138.48964586296873, 36.354741970566984], [138.48987011994302, 36.35505379612969], [138.49015043879797, 36.35549039176524], [138.49030461173632, 36.355734196206946], [138.49038517456083, 36.35611691300835], [138.49040617118564, 36.35633803653988], [138.4906584639289, 36.35668390605809], [138.49089674760143, 36.35699006360461], [138.49124718478302, 36.35735861176118], [138.49165719794058, 36.3577696865006], [138.49184641128286, 36.35812121649374], [138.49211274021837, 36.358518133904106], [138.49230897372823, 36.358903669254964], [138.49263837409427, 36.35941961411824], [138.49278554882088, 36.359725797204135], [138.49293970637498, 36.360298447265045], [138.49299575176846, 36.3606726407365], [138.49240340777516, 36.360703768907776], [138.4914851169698, 36.360703717011546], [138.49072804362868, 36.360766051293275], [138.49002707116372, 36.36068094656279], [138.48901068711803, 36.36040306728126], [138.48877601746042, 36.359328632630195], [138.48848875506422, 36.35842715412888], [138.4882680567548, 36.357789294046384], [138.48810691912593, 36.35728468797781], [138.48808591886055, 36.35705789716138], [138.48808595348484, 36.356842444163235], [138.48802294503943, 36.35641719938189], [138.487949403494, 36.35602317972026], [138.48684901385994, 36.35554112282096], [138.48598691336463, 36.3552065517494], [138.48588186189795, 36.354764298327694], [138.48573129006974, 36.35411510296427], [138.48563319089808, 36.35391664194553], [138.48556313250796, 36.3537352247311], [138.4853810044981, 36.353185232593034], [138.4853039777244, 36.35281103280659], [138.48582266626826, 36.35274874225926], [138.4864675261509, 36.352612707815524], [138.48650266536956, 36.352119456994416], [138.48649219626822, 36.351844470367716], [138.4864501879187, 36.35156099776608], [138.48631006547743, 36.35129451779183], [138.48616291900814, 36.351056375695954], [138.48607182358185, 36.35088629254127], [138.48567938713597, 36.35054606465379], [138.4854901611527, 36.350494997294696], [138.48524484434563, 36.35052901342668], [138.48502756872517, 36.35052331955998], [138.48480329282796, 36.35046091166181], [138.48459303805038, 36.35038716684048], [138.48458600277598, 36.3505175669857], [138.48452641230713, 36.35060543121348], [138.48371505021112, 36.35094695660911], [138.48259349926116, 36.35145421626487], [138.48233590110533, 36.35153501171837], [138.48169456852986, 36.351566076790036], [138.48088164158776, 36.35112371439641], [138.48055568403404, 36.35126824951648], [138.47969986987275, 36.35159274188697], [138.4794749682752, 36.35167427357466], [138.4793896890141, 36.35164289267701], [138.47933542709941, 36.35157075010058], [138.4792967006562, 36.351404505199106], [138.47930268302346, 36.35078511145419], [138.47928719226377, 36.35072240900705], [138.47907399549416, 36.350581239025956], [138.4789228304067, 36.3504588751662], [138.47881818574683, 36.350317754740686], [138.47872906245172, 36.350135836020264], [138.47864579536986, 36.34984573467419], [138.47863420324995, 36.349704595725946], [138.47865365198197, 36.3494756610363], [138.478665322761, 36.34933452823301], [138.47868859413933, 36.349262396246125], [138.47872941795745, 36.34885628054378], [138.4787760359361, 36.34851754631933], [138.47898548862318, 36.34815067550601], [138.4790921314238, 36.34806444239637], [138.47933642041582, 36.34789197880159], [138.47965436908535, 36.347738361285586], [138.4801157730673, 36.3475094970681], [138.48020498087917, 36.34736837414073], [138.48025348714228, 36.34715669744693], [138.48027288665128, 36.34710023017882], [138.480334948284, 36.34699046991241], [138.48039700447964, 36.346893278313416], [138.48039510565187, 36.34673802605007], [138.48036025496054, 36.34657808363864], [138.48029050778183, 36.34642440331804], [138.48015487076225, 36.34625187793522], [138.47982735117282, 36.34597427134799], [138.4796839609046, 36.345801744144936], [138.47954054613615, 36.3456825510968], [138.47940490176492, 36.34553825914039], [138.47932352454188, 36.34539714498144], [138.47922084288277, 36.3451885399465], [138.47912782935924, 36.345110121467], [138.4789068923975, 36.34498464873446], [138.4786782081679, 36.34483407479833], [138.47818210368865, 36.34438551123841], [138.47793599704534, 36.344158078859735], [138.47762210645774, 36.34376601311812], [138.47737793730815, 36.343558964683055], [138.47693609115345, 36.34321704090371], [138.47690509766502, 36.34315116640052], [138.47668408027346, 36.34331736416364], [138.47662782622362, 36.34344750686148], [138.47638351323988, 36.343726567275745], [138.47638732018095, 36.34395237298495], [138.47637566605508, 36.34403394099388], [138.47630974558143, 36.34411233021164], [138.47604994998085, 36.344297317897215], [138.4760208518126, 36.344367863866], [138.47599369719524, 36.34442432761166], [138.47568733595324, 36.34473787403727], [138.47551282590487, 36.34493227695683], [138.47542750021313, 36.34503576485308], [138.4753673729708, 36.34514393664429], [138.47537898901672, 36.34519414009645], [138.47547587249952, 36.3453133296328], [138.4755572526182, 36.345423113567726], [138.47555335713605, 36.34548268176312], [138.47530309182028, 36.34614909483706], [138.47522159445577, 36.346403118564936], [138.47520766381015, 36.34751802031893], [138.4764869217131, 36.34786637445465], [138.4780964384799, 36.348384354941835], [138.4778310356309, 36.349044788079766], [138.47772172404495, 36.34941075723884], [138.47768527057008, 36.349562167046095], [138.47777131744945, 36.35031475859229], [138.47787164447712, 36.35039595881587], [138.47798535560204, 36.35049881450967], [138.47803212206136, 36.350747753760885], [138.47813908355377, 36.35104543033524], [138.47829285883105, 36.35143514100504], [138.47829280206597, 36.35163538474704], [138.47817229945954, 36.35185726140093], [138.4781053373839, 36.35205749405886], [138.47804168635338, 36.352363275350896], [138.4776736433865, 36.35256887475635], [138.47761336957782, 36.35278533943118], [138.47749960563118, 36.35285027158982], [138.4774727663339, 36.353115431075224], [138.477365652827, 36.35332649997772], [138.4772719234741, 36.353532149113185], [138.47719824190867, 36.35379191452292], [138.4772717251485, 36.35419242004864], [138.47737194587782, 36.35463622958466], [138.47735177925344, 36.35497176341684], [138.47715096317805, 36.35524773366424], [138.4753252772213, 36.35525327013486], [138.4752224398573, 36.35435950014416], [138.47410277128898, 36.354323505016595], [138.47405147914426, 36.35353103220883], [138.47315282512182, 36.35344740667704], [138.47275510611294, 36.35330431797558], [138.4738905947288, 36.3509018948299], [138.47403574096595, 36.35061944194085], [138.47416476601822, 36.350328325128984], [138.47401973396524, 36.350280519724684], [138.47361684975576, 36.35026304498359], [138.47360097686786, 36.34954169099989], [138.47395827556736, 36.34937010971935], [138.47401226194566, 36.34856185098584], [138.47372221880192, 36.348453146571714], [138.47342145457412, 36.34829663359366], [138.47309392238185, 36.3478489642217], [138.47293802894086, 36.34815746704036], [138.47272845357958, 36.34838340119881], [138.47245975184703, 36.34867448790509], [138.47222329828386, 36.34893952792907], [138.47131279067608, 36.34885021689683], [138.46943807005997, 36.34867159113622], [138.46814350668635, 36.34854959274168], [138.4679337447078, 36.34916661161525], [138.4677152925603, 36.34995215359117], [138.4666287342628, 36.34986399073491], [138.46568528759843, 36.35005950440283], [138.46528078884535, 36.34892469891776], [138.4650833148665, 36.34872485191014], [138.46465849186745, 36.34887657011496], [138.4650135253257, 36.35015517633758], [138.46406019770632, 36.35032673567199], [138.4636255450499, 36.35036653075364], [138.46197564304538, 36.35086146879715], [138.46111610692458, 36.35110890182426], [138.46099765730816, 36.350917101560945], [138.46078059788204, 36.350397616518535], [138.46046466361145, 36.35006989568067], [138.46010911396152, 36.349957935118645], [138.45997086206938, 36.34986998165811], [138.45992151722686, 36.3497820594662], [138.45975377218468, 36.349422417834575], [138.45941807870173, 36.34912665530627], [138.4592304225071, 36.34907065187411], [138.45892440874601, 36.34867100715752], [138.45878624465664, 36.34842325908965], [138.45860855936877, 36.34820745925353], [138.4584160230672, 36.348055554632154], [138.45805460894323, 36.34780839590865], [138.45794223442545, 36.3478628899102], [138.45766183296772, 36.348153553054125], [138.45775520834468, 36.348312607556565], [138.45786153493424, 36.34836478149116], [138.45797430897497, 36.34843783638495], [138.45813538254654, 36.3485656511607], [138.4582190820716, 36.34873776301537], [138.4582753331279, 36.34902846978757], [138.45831074441207, 36.34910670874629], [138.4583655063407, 36.34916147138273], [138.45845573850102, 36.34918498337815], [138.4585362934562, 36.34921887972467], [138.45861685030664, 36.34926847584184], [138.45880052735666, 36.349325884306886], [138.45893264388033, 36.349383279007355], [138.45908728956192, 36.34949806375884], [138.45929347887343, 36.349649339046586], [138.45935467467982, 36.34974061100923], [138.45937074921767, 36.34981102544162], [138.4593610269538, 36.349904882274785], [138.45938839919793, 36.349955725339534], [138.4594463793209, 36.3500130931659], [138.45963007273556, 36.350062690388185], [138.45977508000024, 36.35012272553599], [138.45989430293017, 36.35019053510546], [138.4600908770924, 36.35023752735412], [138.46020689060688, 36.35028188896739], [138.46031314551058, 36.350474846817804], [138.46040331138929, 36.35063132743334], [138.46043061795092, 36.350807326989745], [138.4603983239679, 36.35092725855641], [138.46034349167422, 36.351005431237695], [138.46024029539447, 36.351122738960285], [138.46014034216316, 36.35119307968934], [138.460050034464, 36.351315598511846], [138.4600435516853, 36.35139903406686], [138.46015289493477, 36.35185011657634], [138.46022212258237, 36.35198962159294], [138.46036709585485, 36.35212524170909], [138.46056359709726, 36.352346922720564], [138.4606376666215, 36.35245643375226], [138.46069477990463, 36.35256572860744], [138.46073394940515, 36.35263600992211], [138.46072549800283, 36.35273796215777], [138.46072404731964, 36.352852377026785], [138.46071000473705, 36.352904511760954], [138.46071838987802, 36.3529588705072], [138.46075758237234, 36.35301102395809], [138.46080796071712, 36.35308352564431], [138.46081071321976, 36.35316963763934], [138.46080787282483, 36.35325575125834], [138.46084426841668, 36.353310153187], [138.4609422444045, 36.35342801605363], [138.4609898270952, 36.35350051693506], [138.46100935588478, 36.35365912558904], [138.46108354784064, 36.35374413160366], [138.46118154631094, 36.35382347982602], [138.46131315866072, 36.353923223435054], [138.4613747280187, 36.35403427870922], [138.46140269373728, 36.354122653478775], [138.4614138453436, 36.35423140562169], [138.46146698892917, 36.35439456121496], [138.46159153659647, 36.35460875574489], [138.46169511871545, 36.354751542648174], [138.4618659244071, 36.354883015924614], [138.46209277951093, 36.354991834686636], [138.4623392496347, 36.35508481670391], [138.4624960807705, 36.355155099359315], [138.46256187534308, 36.35524235875855], [138.46267938419209, 36.35553015986704], [138.46277173395214, 36.35572958951755], [138.46291727540327, 36.355997016691596], [138.46310756743713, 36.35639813021785], [138.46316765084484, 36.35671200317524], [138.46321795160725, 36.35695447394622], [138.46329073637276, 36.35706549725035], [138.46344614329664, 36.35721171542725], [138.46359455160487, 36.35734772019268], [138.46378775478954, 36.357542638178195], [138.46394736157785, 36.35770353626886], [138.46422039383967, 36.35791322821295], [138.46434078117383, 36.35807186123151], [138.46442194779368, 36.3582282638153], [138.464483511988, 36.35836875022004], [138.46454081399006, 36.358662200758225], [138.4645014682153, 36.358931825514794], [138.46446493457458, 36.35916293508869], [138.46441295586763, 36.3594903617778], [138.46441845906455, 36.35971240434028], [138.46444638947955, 36.359886886907304], [138.46453596187314, 36.36003646412305], [138.46467317025633, 36.36018834205085], [138.46479917332135, 36.36033109961792], [138.4649490007449, 36.36045013391475], [138.46518425293917, 36.36060425947864], [138.46534670588593, 36.360674571361805], [138.46559881968614, 36.36072674645804], [138.46574728419583, 36.360756252936156], [138.46597973627306, 36.36092850554949], [138.46619673115072, 36.36120386894833], [138.46631427836255, 36.361455438917744], [138.4664051670451, 36.361814589297026], [138.46645271016433, 36.36200266950291], [138.4664946631934, 36.36217944241939], [138.46648060559215, 36.362292729479755], [138.46646372779458, 36.36243773384568], [138.46640344713794, 36.36255442223863], [138.46626325312081, 36.362810430443055], [138.46612304948795, 36.363093617295824], [138.4660837324873, 36.36330209233032], [138.46607666634313, 36.36342784160322], [138.46611023812463, 36.3635343458858], [138.46620544960135, 36.36365220233849], [138.46630623765896, 36.36380857449443], [138.46641823378408, 36.36394227810218], [138.4666913218828, 36.36411795385858], [138.4669657970859, 36.3643128875784], [138.4672206386997, 36.36455541045797], [138.4674755042011, 36.36474583103284], [138.4677205768805, 36.364912414738505], [138.46791943031582, 36.36507109796345], [138.46820794172774, 36.36520938696457], [138.46840398899897, 36.36537032396757], [138.46859583024676, 36.36554143272451], [138.46864621169436, 36.365668358778045], [138.46872179778916, 36.36580433988422], [138.468856236061, 36.36590178777238], [138.46897947047174, 36.36598792863194], [138.46907470163316, 36.36607856924304], [138.4691530957805, 36.3661896256232], [138.46926231969303, 36.36630973663926], [138.4693757201005, 36.36647177605066], [138.46947091767908, 36.366607761434345], [138.46959415291417, 36.36672336929322], [138.46981675599847, 36.36706670614186], [138.4699091499086, 36.36720494357706], [138.47000435438417, 36.36735905794703], [138.47001833421217, 36.36743154886213], [138.47004349405563, 36.36755163900553], [138.47011349162835, 36.36768536468704], [138.4701778790831, 36.367830388685114], [138.47022125325375, 36.36796294510902], [138.47023239440887, 36.36810795864002], [138.47029118762958, 36.368228090780434], [138.47035558603832, 36.36834364921561], [138.47042556822305, 36.36849550633965], [138.47051936054424, 36.36867566938675], [138.47055293505713, 36.36879801613039], [138.4706004937356, 36.368977043909794], [138.47060883588463, 36.36914018562343], [138.47060316637712, 36.369296531152756], [138.47058767831462, 36.36949705494897], [138.47063244568074, 36.369664743844275], [138.47068844294577, 36.369755409650445], [138.4707724698245, 36.36983925257397], [138.4708985218607, 36.36992310448366], [138.47112542075357, 36.37005457801701], [138.47129349478124, 36.37014301413042], [138.4714307381301, 36.37025404782964], [138.47163521022162, 36.37043311172456], [138.47177800759786, 36.37068239183097], [138.47187597809832, 36.37094071159796], [138.4719893641468, 36.371175271345315], [138.47204252518216, 36.371372430174894], [138.47210131215692, 36.37152424694671], [138.47220493459014, 36.37166702480775], [138.4722609235511, 36.37179166276359], [138.47229166778473, 36.3719865293661], [138.47232522473885, 36.37219273033163], [138.472420427286, 36.37236043121277], [138.47253665165374, 36.37251792719373], [138.47262906170894, 36.372638030932585], [138.47275231486645, 36.37274458794691], [138.47285591853932, 36.37291904965906], [138.4729777437484, 36.373094713803816], [138.47314859449043, 36.37330094386463], [138.47322700201164, 36.37341196136243], [138.47331942059225, 36.37355248288039], [138.47340063849265, 36.37365220121549], [138.4734734381489, 36.37380630756513], [138.47358965165174, 36.37400911180803], [138.4738136930982, 36.37433318438722], [138.47392429973135, 36.3745382749444], [138.47403629151074, 36.374805678822526], [138.4741987110769, 36.37508214170253], [138.47431773261866, 36.375294028816256], [138.4743821345625, 36.37540278971584], [138.47443254876814, 36.37548436959983], [138.47448016590835, 36.37553197566012], [138.4745473950782, 36.375593174737006], [138.4745641933556, 36.375649823294445], [138.47456694771492, 36.37577444960216], [138.47457811329593, 36.37591491813975], [138.47471392759275, 36.37614268623422], [138.47481758145142, 36.376226531953876], [138.47492965127873, 36.37627414906062], [138.4750697434959, 36.376308150090665], [138.47524347334976, 36.376308184339756], [138.47537515047733, 36.37634447059392], [138.47550961720896, 36.3764419449611], [138.47559363549612, 36.376596052415586], [138.475621606338, 36.37674106613342], [138.47554311327008, 36.37684075220978], [138.4753959672944, 36.376964221120055], [138.47535391006295, 36.37705257600153], [138.47536227742094, 36.3771658679884], [138.47540987331266, 36.37728142020657], [138.47555553434185, 36.37744233536104], [138.47586369881375, 36.37765312896317], [138.47615924874248, 36.377858254743565], [138.4763049374502, 36.377937598819926], [138.4764926630972, 36.377994279191725], [138.4766523637462, 36.37806228785584], [138.47683166759012, 36.37818011950698], [138.4769437341931, 36.378250406619046], [138.477137050348, 36.378316136145166], [138.4773962219231, 36.37843742970438], [138.47759235322394, 36.378489567678855], [138.47774926859483, 36.37848959546254], [138.47797344595327, 36.37849188792368], [138.47834050807748, 36.37856222023974], [138.4786907495549, 36.378646103139104], [138.47884907247987, 36.3787131591495], [138.47897872532923, 36.37883509660955], [138.47906374838738, 36.37897674086987], [138.4790737108338, 36.37913453126002], [138.479113726919, 36.37920332866488], [138.47916874821289, 36.37925593473669], [138.4793088377812, 36.37932474855822], [138.47939889939698, 36.37938140886041], [138.47943890841842, 36.379438062609374], [138.47946391079313, 36.37950685527017], [138.47948386372198, 36.37973347272708], [138.47948880363072, 36.37996815190561], [138.47958129819705, 36.38021294862395], [138.4796563046055, 36.380431443694334], [138.47965627321443, 36.38054476894406], [138.47964122876832, 36.38065805545575], [138.4796812262187, 36.38079156080793], [138.47977123547534, 36.38100604597163], [138.47990128725067, 36.38119624322547], [138.47995877398205, 36.38141272921173], [138.47995872979268, 36.38157456710772], [138.4799186694703, 36.381667609454425], [138.47983356470482, 36.3818092237339], [138.47981847534243, 36.38208843245449], [138.47972076060333, 36.38256787438338], [138.47971570940655, 36.38273781188232], [138.4797356750979, 36.382923941190555], [138.47979068389492, 36.38307772710064], [138.47990571058838, 36.38332051898915], [138.4801382465974, 36.38387690356444], [138.48019824506142, 36.38408328541824], [138.48027827856262, 36.38419253847562], [138.48042337099017, 36.38430990059483], [138.48062849325385, 36.38448391750899], [138.48077858374816, 36.384629584933286], [138.4808285835141, 36.38476717203261], [138.48090608236683, 36.385028195216066], [138.4808609905503, 36.38526688106788], [138.4808409291839, 36.3854287499281], [138.4807207600646, 36.38567960112697], [138.48070570412852, 36.38584143826028], [138.4806255750392, 36.38608015089692], [138.48047039568428, 36.38624196363995], [138.48036776471207, 36.386389667854715], [138.48035271325912, 36.38652721182986], [138.48037768886442, 36.38671739302298], [138.48043769872788, 36.38691162779037], [138.4805327240743, 36.38712607400333], [138.48079789639738, 36.38737293801216], [138.48116315892435, 36.38761576765213], [138.48138331936917, 36.38774123655275], [138.48180114160414, 36.38793348001502], [138.48219645227874, 36.3880711198857], [138.48260178858098, 36.38818446575537], [138.48292205187556, 36.38826544581676], [138.4833824312239, 36.38838689537536], [138.48391789260288, 36.388488110684534], [138.48429569974903, 36.38861158838572], [138.48458094436398, 36.38868850789847], [138.48489121127474, 36.3887370921278], [138.48522150965303, 36.388733081208755], [138.48551176695926, 36.38878571020826], [138.485716936627, 36.3888504728373], [138.48593712213474, 36.38891523841342], [138.48636498287144, 36.38907916243066], [138.4865951774715, 36.38915199266867], [138.48673028913495, 36.38922484322925], [138.48684036807947, 36.389346241583446], [138.48705052867126, 36.38950408693947], [138.48718562875635, 36.38964974214492], [138.48733575186202, 36.38975090178751], [138.48748086372103, 36.38989254492452], [138.48762096642196, 36.389993738036274], [138.48781613313366, 36.390119190250246], [138.48805883723256, 36.39020215629839], [138.48828903554988, 36.390283078904645], [138.48856426449362, 36.390465184452744], [138.48909471791782, 36.39074848948133], [138.48945501811363, 36.39090631010132], [138.4898203476965, 36.39099132157923], [138.49034332955904, 36.39100956287022], [138.4907887461782, 36.391058143929534], [138.49099893435235, 36.391098608151786], [138.49117908032466, 36.391228107326036], [138.4914392919459, 36.39149923779333], [138.49172953878116, 36.39174608096802], [138.4920598222756, 36.391964587550206], [138.4924977057972, 36.392241781969915], [138.49258276625264, 36.39238338311813], [138.49258275287133, 36.3925048056493], [138.49257772519076, 36.39271114417068], [138.49246258967207, 36.39294986399552], [138.49231241188787, 36.393237130118074], [138.49221979887076, 36.39352239498544], [138.49221978036618, 36.393684231424196], [138.49225979169796, 36.39384610831401], [138.4923098215398, 36.39406054730651], [138.4923298191894, 36.39425882466384], [138.4922171333385, 36.394879910579746], [138.4921970841306, 36.39511057400569], [138.49222707881765, 36.39540190136732], [138.4923021273118, 36.39557184256712], [138.4924222240348, 36.395753933618636], [138.49262741159959, 36.39593197963658], [138.49277754116667, 36.39602098840337], [138.49299275203077, 36.39612218255235], [138.49346570053993, 36.39623349384278], [138.49363586191134, 36.396350809697935], [138.49383103319246, 36.39651269416008], [138.49394112611643, 36.39666239395322], [138.49403619999308, 36.39683638584677], [138.4941512914553, 36.39707110556578], [138.4943814895108, 36.3973745901846], [138.49462922580688, 36.39756678941282], [138.49489947318182, 36.39773673878081], [138.49509966315165, 36.397959282306246], [138.49522976931536, 36.39823850471555], [138.49535235654665, 36.39860468239188], [138.4954974881428, 36.39880296651586], [138.4956926631461, 36.39904170491663], [138.49577774404753, 36.39920759667038], [138.4958077500517, 36.399401827838595], [138.49578019084095, 36.39980443711169], [138.49579517865055, 36.40014836199412], [138.49583519632566, 36.400476128008975], [138.49591025229125, 36.40069461939419], [138.4959727874651, 36.40106487732568], [138.49597275671434, 36.401441155068284], [138.49603278401915, 36.401817469375196], [138.49610285063915, 36.40199955849818], [138.49617791531932, 36.40213309429272], [138.49625282266476, 36.402410059457516], [138.49624272609418, 36.40264164280006], [138.49619376323054, 36.40290698728311], [138.4960223960138, 36.40343189351354], [138.4959532612536, 36.40368790462535], [138.4958726179733, 36.40399750074658], [138.49579341713303, 36.404224429324664], [138.4957358175733, 36.40439901204985], [138.4957041230576, 36.40462710722661], [138.49570985773266, 36.40483193379357], [138.49576023252644, 36.40504957608761], [138.49588401527402, 36.405368473250846], [138.49601499268744, 36.405804887713565], [138.49606104132167, 36.406026013911195], [138.49608980525346, 36.40643802697128], [138.4960969833514, 36.40672780443377], [138.496119988221, 36.40707929726733], [138.49615740745244, 36.407204981424776], [138.49620922833006, 36.40734696631904], [138.4963287127385, 36.40752271713393], [138.49648705769647, 36.407797361084484], [138.49655615826384, 36.40798360422029], [138.4965705424122, 36.40811160870498], [138.49654317072094, 36.40839209103294], [138.49644811946519, 36.408692355098935], [138.4964365924185, 36.408827333109514], [138.49644809868937, 36.40895537544437], [138.49654455104636, 36.409149714715774], [138.49668851379695, 36.40929870935746], [138.49682672944223, 36.409401126731744], [138.49703116455987, 36.40958268540723], [138.49745014536919, 36.40989809508998], [138.49773522326208, 36.410074969988734], [138.4981441276869, 36.4102705048755], [138.49853001036763, 36.41034500014425], [138.4988856484751, 36.41036013770482], [138.4996574183424, 36.41029725571777], [138.499882041362, 36.41029028337224], [138.50018008590845, 36.41036129005472], [138.50038165859436, 36.410438069561316], [138.50064083294902, 36.41056610993518], [138.50136219599545, 36.41094666696921], [138.50176823368793, 36.41116077794259], [138.50214260711326, 36.41132605999349], [138.50282078890615, 36.411604162541245], [138.50342554176024, 36.41185786517465], [138.50408933708184, 36.412194191535], [138.50454435510053, 36.41241994592791], [138.5050483218911, 36.41265033907894], [138.5053751829634, 36.412753931269144], [138.50556812635227, 36.41280511070465], [138.50593387182053, 36.412933096266144], [138.50608650349264, 36.413021560569064], [138.50624778441497, 36.41316818109293], [138.50655737875348, 36.41353011083936], [138.50683674020883, 36.413790791185335]]]}, "properties": {"name": "小諸市"}}]}